smiles,0,1,2
C=CC(CC#N)C1C(C)C(C)C1C,8388608,"{541731: 2, 541732: 1, 558116: 2, 558117: 1, 574497: 3, 574498: 6, 574499: 5, 574500: 1, 574529: 1, 574530: 1, 574531: 2, 574532: 1, 574561: 5, 574562: 4, 574563: 1, 672805: 2, 672806: 1, 672835: 1, 672866: 1, 672867: 1, 672868: 2, 672869: 1, 689188: 2, 689189: 1, 689218: 1, 689249: 1, 689250: 1, 689251: 2, 689252: 1, 689441: 1, 820261: 2, 820262: 1, 820289: 1, 820322: 1, 820323: 1, 820324: 2, 820325: 1, 820516: 1, 820547: 1, 1328166: 2, 1328167: 1, 1328194: 1, 1328227: 1, 1328228: 1, 1328229: 2, 1328230: 1, 1328421: 1, 1328452: 1, 1328705: 1}",<rdkit.DataStructs.cDataStructs.IntSparseIntVect object at 0x121ff04a0>
C=NN(CCC)C(C)C(=O)NO,8388608,"{541733: 1, 558113: 1, 558114: 1, 558115: 1, 558116: 1, 558145: 1, 574497: 1, 574500: 1, 574530: 1, 574531: 1, 672804: 1, 672805: 1, 672835: 1, 672836: 1, 672867: 1, 705570: 1, 705573: 1, 705603: 1, 705604: 1, 705633: 1, 705828: 1, 1082403: 1, 1082406: 1, 1082436: 1, 1082437: 1, 1082466: 1, 1082661: 1, 1082721: 1, 1098786: 1, 1098787: 1, 1098817: 1, 1098818: 1, 1098849: 1, 1099042: 1, 1099106: 1, 1099843: 1, 1213475: 1, 1213476: 1, 1213506: 1, 1213507: 1, 1213538: 1, 1213729: 1, 1213795: 1, 1214532: 1, 1214561: 1, 1590308: 1, 1590311: 1, 1590341: 1, 1590342: 1, 1590371: 1, 1590566: 1, 1590626: 1, 1591361: 1, 1591396: 1, 1591621: 1, 1721379: 1, 1721382: 1, 1721412: 1, 1721413: 1, 1721442: 1, 1721637: 1, 1721697: 1, 1722434: 1, 1722467: 1, 1722692: 1, 1723427: 1}",<rdkit.DataStructs.cDataStructs.IntSparseIntVect object at 0x121ff03c0>
CC(C=NN)C1CCC1C(=O)O,8388608,"{558115: 1, 558116: 1, 558145: 1, 574497: 1, 574498: 1, 574499: 1, 574529: 2, 574530: 3, 574531: 1, 574561: 2, 574562: 1, 689186: 1, 689219: 1, 689220: 1, 689249: 1, 689250: 1, 689251: 1, 705572: 1, 705602: 1, 705603: 1, 705633: 1, 705634: 1, 705635: 1, 705860: 1, 1066020: 1, 1066053: 1, 1066054: 1, 1066083: 1, 1066084: 1, 1066085: 1, 1066306: 1, 1066342: 1, 1213475: 1, 1213508: 1, 1213509: 1, 1213538: 1, 1213539: 1, 1213540: 1, 1213761: 1, 1213797: 1, 1214497: 1, 1590309: 1, 1590339: 1, 1590340: 1, 1590370: 1, 1590371: 1, 1590372: 1, 1590597: 1, 1590625: 1, 1591335: 1, 1591622: 1, 1721381: 1, 1721411: 1, 1721412: 1, 1721442: 1, 1721443: 1, 1721444: 1, 1721669: 1, 1721697: 1, 1722407: 1, 1722694: 1, 1723426: 1}",<rdkit.DataStructs.cDataStructs.IntSparseIntVect object at 0x121ff0510>
CC=CC(=C1C=NNC1)N1CC1C,8388608,"{541734: 1, 558114: 1, 558117: 3, 558148: 1, 574497: 1, 574501: 1, 574529: 1, 574532: 1, 689185: 1, 689186: 1, 689188: 1, 689189: 3, 689218: 1, 689219: 2, 689220: 3, 689251: 1, 689252: 2, 689473: 1, 689475: 1, 689476: 1, 705571: 2, 705572: 2, 705601: 1, 705602: 2, 705603: 1, 705634: 1, 705635: 1, 705857: 2, 705858: 3, 705859: 1, 705889: 1, 1082406: 2, 1082433: 1, 1082437: 1, 1082469: 1, 1082690: 1, 1082692: 1, 1082693: 1, 1082722: 1, 1082723: 1, 1098786: 1, 1098788: 1, 1098817: 1, 1098819: 1, 1098849: 1, 1099074: 1, 1099075: 2, 1099105: 1, 1099106: 1, 1099844: 1, 1213478: 2, 1213506: 1, 1213509: 1, 1213541: 1, 1213761: 1, 1213764: 1, 1213765: 1, 1213794: 1, 1213795: 1, 1214529: 1, 1214564: 1}",<rdkit.DataStructs.cDataStructs.IntSparseIntVect object at 0x121ff0580>
C#CC(CC(N)=O)NC(=S)N1CC1,8388608,"{558145: 1, 558149: 2, 574529: 1, 574532: 2, 705601: 1, 705602: 2, 705603: 1, 705606: 2, 705634: 2, 705892: 1, 803907: 1, 803910: 2, 803938: 1, 804196: 2, 820290: 1, 820293: 2, 820321: 1, 820579: 2, 820769: 1, 1066050: 1, 1066055: 2, 1066083: 1, 1066337: 1, 1066341: 1, 1066533: 1, 1066564: 1, 1082434: 1, 1082435: 2, 1082465: 1, 1082721: 1, 1082723: 1, 1082915: 1, 1082946: 1, 1083428: 1, 1098817: 2, 1098820: 1, 1098851: 1, 1099105: 1, 1099109: 1, 1099301: 1, 1099332: 1, 1099814: 1, 1099842: 1, 1721410: 1, 1721415: 2, 1721443: 1, 1721697: 1, 1721701: 1, 1721893: 1, 1721924: 1, 1722402: 1, 1722436: 1, 1722470: 1, 3818563: 2, 3818564: 1, 3818595: 1, 3818849: 1, 3818853: 1, 3819045: 1, 3819076: 1, 3819558: 1, 3819586: 1, 3819618: 1, 3820838: 1}",<rdkit.DataStructs.cDataStructs.IntSparseIntVect object at 0x121ff2e30>
CC1CCc2oc(C(=N)N)nc21,8388608,"{558114: 1, 558115: 1, 558145: 1, 574497: 1, 574529: 1, 574530: 1, 705570: 1, 705571: 1, 705572: 1, 705573: 1, 705601: 1, 705602: 3, 705603: 1, 705604: 2, 705605: 1, 705633: 1, 705634: 1, 705635: 1, 705636: 1, 705889: 2, 705890: 2, 705891: 2, 1066022: 1, 1066053: 1, 1066054: 1, 1066085: 1, 1066337: 1, 1066338: 1, 1066340: 2, 1197094: 1, 1197125: 1, 1197126: 1, 1197157: 1, 1197409: 1, 1197410: 1, 1197412: 2, 1198114: 1, 1213475: 1, 1213507: 2, 1213538: 1, 1213793: 2, 1213794: 2, 1214499: 1, 1214755: 1, 1737764: 1, 1737794: 1, 1737795: 1, 1737827: 1, 1738081: 2, 1738082: 2, 1738787: 1, 1739043: 1, 1739074: 1}",<rdkit.DataStructs.cDataStructs.IntSparseIntVect object at 0x121ff2dc0>
NC1=NOCC1=C(N)CC=O,8388608,"{558147: 1, 689217: 1, 689220: 1, 705601: 2, 705602: 3, 705603: 1, 705858: 1, 705859: 1, 705860: 1, 705889: 2, 705890: 1, 1066050: 1, 1066051: 2, 1066052: 1, 1066307: 1, 1066309: 1, 1066337: 2, 1066338: 2, 1066339: 2, 1067044: 1, 1213506: 1, 1213508: 1, 1213765: 1, 1213793: 1, 1213794: 1, 1213795: 1, 1214498: 1, 1214500: 1, 1606721: 1, 1606724: 1, 1606981: 1, 1607010: 2, 1607011: 1, 1607715: 1, 1607716: 1, 1608001: 1, 1721410: 1, 1721413: 1, 1721665: 1, 1721699: 1, 1721700: 1, 1721701: 1, 1722404: 1, 1722406: 1, 1722694: 1, 1723462: 1}",<rdkit.DataStructs.cDataStructs.IntSparseIntVect object at 0x121ff2ea0>
C#CC1NN=CC2(C)C(=O)C1C2C,8388608,"{541731: 1, 574497: 1, 574498: 2, 574499: 2, 574500: 1, 574561: 2, 574562: 1, 590881: 1, 590882: 1, 590945: 1, 590946: 1, 590947: 1, 689186: 1, 689187: 1, 689250: 1, 689251: 2, 689281: 1, 705570: 1, 705571: 1, 705633: 1, 705634: 2, 705665: 1, 705858: 1, 803877: 1, 803878: 1, 803938: 1, 803939: 1, 803940: 1, 803973: 1, 804165: 1, 804196: 1, 820260: 1, 820261: 1, 820321: 1, 820322: 1, 820323: 1, 820356: 1, 820548: 1, 820579: 1, 820769: 1, 1082404: 2, 1082465: 1, 1082466: 1, 1082467: 1, 1082499: 1, 1082690: 1, 1082723: 1, 1082915: 1, 1082946: 1, 1213475: 1, 1213476: 1, 1213538: 1, 1213539: 2, 1213570: 1, 1213761: 1, 1213795: 1, 1213988: 1, 1214019: 1, 1214529: 1, 1721379: 1, 1721380: 1, 1721442: 1, 1721443: 2, 1721474: 1, 1721667: 1, 1721697: 1, 1721893: 1, 1721924: 1, 1722436: 1, 1722692: 1}",<rdkit.DataStructs.cDataStructs.IntSparseIntVect object at 0x121ff2f10>
CC1NC1C12NC1C1CCOC2O1,8388608,"{558118: 2, 558145: 1, 574497: 1, 574498: 1, 574500: 2, 574501: 1, 574529: 1, 574530: 3, 574531: 2, 574532: 2, 574533: 2, 574561: 2, 574562: 4, 574563: 3, 574564: 1, 590883: 1, 590915: 2, 590945: 3, 590946: 2, 1082402: 1, 1082404: 1, 1082435: 1, 1082436: 1, 1082437: 2, 1082465: 3, 1082466: 3, 1082467: 3, 1082468: 1, 1082497: 1, 1082498: 1, 1083459: 1, 1606693: 2, 1606721: 1, 1606722: 2, 1606723: 1, 1606753: 3, 1606754: 1, 1606755: 4, 1606756: 2, 1606786: 2, 1607747: 2, 1607748: 2, 1608770: 1}",<rdkit.DataStructs.cDataStructs.IntSparseIntVect object at 0x121ff2f80>
C1CN2CC2C(N2CC2)C2OC12,8388608,"{558145: 2, 558146: 1, 558147: 1, 558148: 2, 558149: 4, 574529: 2, 574530: 6, 574531: 9, 574532: 3, 574561: 3, 574562: 2, 574563: 1, 1098817: 4, 1098818: 1, 1098819: 1, 1098820: 4, 1098849: 2, 1098850: 3, 1098851: 3, 1099875: 1, 1606722: 1, 1606723: 1, 1606724: 3, 1606753: 2, 1606754: 1, 1606755: 1, 1607779: 1, 1607780: 1}",<rdkit.DataStructs.cDataStructs.IntSparseIntVect object at 0x121ff2ff0>
CC1C2OC3C(CC13N)C(O)C2N,8388608,"{558115: 1, 574497: 1, 574498: 1, 574499: 2, 574500: 2, 574529: 1, 574530: 3, 574531: 2, 574561: 5, 574562: 6, 574563: 4, 590882: 1, 590913: 1, 590945: 2, 590946: 2, 590947: 2, 1066019: 1, 1066020: 1, 1066050: 1, 1066052: 1, 1066081: 1, 1066082: 4, 1066083: 4, 1066084: 3, 1066113: 1, 1066116: 1, 1067045: 1, 1590309: 1, 1590339: 1, 1590369: 1, 1590370: 2, 1590371: 2, 1590372: 1, 1590404: 1, 1591331: 1, 1591333: 1, 1606691: 1, 1606723: 1, 1606753: 2, 1606754: 3, 1606755: 1, 1606786: 1, 1607715: 2, 1608740: 1}",<rdkit.DataStructs.cDataStructs.IntSparseIntVect object at 0x121ff3060>
C#CC#CCNC(C)=C(C)C(=O)O,8388608,"{541731: 1, 558115: 1, 558116: 1, 705569: 2, 705570: 3, 705571: 1, 705602: 1, 705603: 1, 705604: 1, 705889: 2, 705890: 1, 803879: 1, 803880: 1, 803908: 1, 804198: 1, 804199: 1, 804200: 1, 820260: 1, 820261: 2, 820262: 2, 820263: 1, 820289: 1, 820290: 1, 820291: 1, 820579: 1, 820580: 2, 820581: 3, 820582: 2, 820583: 1, 820769: 1, 820770: 1, 820771: 1, 820801: 2, 820802: 1, 1082402: 1, 1082403: 1, 1082433: 1, 1082721: 1, 1082722: 1, 1082723: 1, 1082917: 1, 1082946: 1, 1082947: 1, 1082948: 1, 1590307: 1, 1590308: 1, 1590341: 1, 1590625: 1, 1590626: 1, 1590627: 1, 1590825: 1, 1590854: 1, 1590855: 1, 1590856: 1, 1591364: 1, 1721379: 1, 1721380: 1, 1721413: 1, 1721697: 1, 1721698: 1, 1721699: 1, 1721897: 1, 1721926: 1, 1721927: 1, 1721928: 1, 1722436: 1, 1723426: 1}",<rdkit.DataStructs.cDataStructs.IntSparseIntVect object at 0x121ff30d0>
C1CC(N2C3CCC4OC4C32)=NO1,8388608,"{558145: 2, 558148: 1, 558149: 2, 558150: 1, 574529: 2, 574530: 4, 574531: 4, 574532: 3, 574533: 2, 574534: 1, 574561: 3, 574562: 2, 574563: 1, 705601: 1, 705602: 1, 705603: 1, 705604: 1, 705634: 2, 705635: 1, 705636: 1, 1098818: 2, 1098819: 2, 1098849: 2, 1098850: 1, 1098851: 1, 1099105: 1, 1213506: 2, 1213508: 1, 1213509: 1, 1213539: 2, 1213540: 1, 1213541: 1, 1213793: 1, 1214562: 1, 1606721: 1, 1606722: 2, 1606723: 1, 1606725: 2, 1606726: 2, 1606753: 2, 1606754: 1, 1606755: 1, 1606756: 2, 1606757: 1, 1606758: 1, 1607010: 1, 1607012: 1, 1607779: 2, 1608001: 1, 1608005: 1, 1608774: 1}",<rdkit.DataStructs.cDataStructs.IntSparseIntVect object at 0x121ff3140>
CC12OC3C4CC1(NC=N)C4NC32,8388608,"{558115: 1, 574498: 1, 574499: 2, 574500: 1, 574529: 1, 574530: 2, 574531: 1, 574561: 3, 574562: 3, 590881: 1, 590882: 1, 590913: 1, 590914: 1, 590945: 2, 590946: 4, 590947: 2, 590977: 1, 689188: 1, 689219: 1, 689251: 1, 689252: 2, 689253: 1, 689282: 1, 689283: 1, 1082403: 2, 1082434: 1, 1082435: 1, 1082465: 2, 1082466: 3, 1082467: 2, 1082468: 1, 1082497: 1, 1082498: 3, 1082689: 1, 1082692: 1, 1083459: 1, 1197093: 1, 1197124: 1, 1197156: 1, 1197157: 2, 1197158: 1, 1197187: 1, 1197188: 1, 1197377: 1, 1198146: 1, 1198149: 1, 1606690: 1, 1606723: 1, 1606753: 1, 1606754: 2, 1606755: 1, 1606785: 1, 1606786: 1, 1606980: 1, 1607747: 2, 1607973: 1}",<rdkit.DataStructs.cDataStructs.IntSparseIntVect object at 0x121ff31b0>
CCNC1C2CC(O)C(O)CNC21,8388608,"{558113: 1, 558117: 1, 558118: 1, 558147: 1, 558148: 1, 558149: 1, 574499: 1, 574500: 2, 574502: 1, 574503: 1, 574529: 3, 574530: 6, 574531: 4, 574533: 1, 574534: 1, 574561: 4, 574562: 1, 574563: 4, 574564: 1, 1082402: 1, 1082405: 1, 1082433: 2, 1082435: 2, 1082436: 2, 1082465: 2, 1082466: 5, 1082467: 1, 1082468: 1, 1082469: 1, 1083459: 1, 1590311: 1, 1590312: 1, 1590338: 2, 1590339: 2, 1590342: 1, 1590343: 1, 1590369: 2, 1590370: 2, 1590371: 1, 1590372: 4, 1590373: 1, 1591363: 1, 1591364: 1, 1591365: 1, 1591366: 1, 1592355: 1}",<rdkit.DataStructs.cDataStructs.IntSparseIntVect object at 0x121ff3220>
CNC1C2CC3(O)CC2C2C(C3)C12,8388608,"{558116: 1, 558117: 2, 558146: 3, 574498: 1, 574499: 2, 574500: 3, 574529: 3, 574530: 6, 574531: 9, 574561: 7, 574562: 7, 574563: 1, 590885: 1, 590913: 3, 590946: 3, 590947: 3, 1082401: 1, 1082435: 1, 1082436: 2, 1082465: 1, 1082466: 2, 1082467: 3, 1082500: 1, 1590310: 1, 1590338: 3, 1590371: 3, 1590372: 3, 1590401: 1, 1591365: 1}",<rdkit.DataStructs.cDataStructs.IntSparseIntVect object at 0x121ff3290>
CCC(c1n[nH]n(C)c1=N)C(C)O,8388608,"{541732: 1, 541734: 2, 558113: 1, 558115: 1, 558117: 1, 574497: 1, 574498: 2, 574499: 1, 574500: 1, 574501: 1, 574529: 1, 574530: 1, 574561: 1, 705570: 1, 705571: 3, 705572: 2, 705602: 1, 705603: 1, 705633: 1, 705634: 2, 705635: 1, 705889: 1, 1197091: 1, 1197093: 2, 1197124: 1, 1197155: 1, 1197156: 1, 1197409: 1, 1197410: 1, 1213474: 1, 1213475: 1, 1213476: 2, 1213477: 2, 1213507: 1, 1213508: 1, 1213538: 1, 1213539: 2, 1213540: 1, 1213793: 1, 1213794: 3, 1214755: 2, 1214785: 1, 1229857: 1, 1229861: 2, 1229892: 1, 1229923: 1, 1229924: 1, 1230177: 1, 1230178: 1, 1231138: 1, 1231169: 1, 1231170: 1, 1590306: 1, 1590308: 1, 1590310: 1, 1590339: 1, 1590369: 1, 1590370: 1, 1590627: 1, 1590628: 1, 1591589: 1, 1591620: 1, 1591621: 1, 1591653: 1}",<rdkit.DataStructs.cDataStructs.IntSparseIntVect object at 0x121ff3300>
CC=CC1=CC(O)c2onnc21,8388608,"{574501: 1, 689185: 1, 689186: 1, 689188: 1, 689249: 1, 689251: 1, 689252: 1, 689473: 1, 689474: 1, 689475: 1, 705571: 1, 705572: 1, 705573: 1, 705633: 1, 705634: 2, 705857: 2, 705858: 4, 705859: 2, 705860: 1, 705889: 2, 705890: 1, 1213477: 1, 1213478: 1, 1213539: 2, 1213763: 2, 1213764: 3, 1213765: 1, 1213793: 1, 1213794: 4, 1213795: 1, 1214785: 1, 1590310: 1, 1590369: 1, 1590594: 1, 1590596: 1, 1590597: 1, 1590626: 1, 1590627: 2, 1591620: 2, 1737766: 1, 1737826: 1, 1738051: 1, 1738052: 1, 1738053: 1, 1738081: 1, 1738082: 1, 1738083: 1, 1739073: 1, 1739074: 1, 1739811: 1}",<rdkit.DataStructs.cDataStructs.IntSparseIntVect object at 0x121ff3370>
CCC12CN1C(=N)CCC2(C)C#N,8388608,"{541732: 1, 558113: 1, 558114: 1, 558115: 4, 558116: 1, 558117: 1, 558145: 1, 558146: 1, 558147: 3, 558148: 1, 590881: 1, 590882: 2, 590883: 1, 590913: 3, 590914: 4, 590915: 1, 590977: 1, 705572: 2, 705601: 1, 705602: 2, 705603: 1, 705666: 1, 705667: 1, 820258: 1, 820260: 1, 820290: 1, 820291: 3, 820353: 1, 820354: 1, 820580: 1, 1098787: 2, 1098817: 1, 1098818: 2, 1098819: 1, 1098881: 1, 1098882: 1, 1099105: 1, 1099331: 1, 1197093: 2, 1197122: 1, 1197123: 2, 1197124: 1, 1197187: 1, 1197188: 1, 1197409: 1, 1197637: 1, 1198178: 1, 1328163: 1, 1328165: 1, 1328195: 1, 1328196: 3, 1328258: 1, 1328259: 1, 1328485: 1, 1328705: 1, 1329252: 1, 1329446: 1}",<rdkit.DataStructs.cDataStructs.IntSparseIntVect object at 0x121ff33e0>
C#Cc1cc(=N)n2[nH]c(C)ncc1-2,8388608,"{689187: 1, 689189: 1, 689475: 1, 705569: 1, 705572: 2, 705573: 1, 705857: 3, 705858: 3, 705859: 1, 705860: 1, 705889: 1, 705890: 2, 705891: 2, 705892: 1, 803879: 1, 804163: 1, 804164: 1, 804194: 1, 804195: 1, 804196: 1, 804198: 1, 820262: 1, 820546: 1, 820547: 1, 820577: 1, 820578: 1, 820579: 1, 820581: 1, 820769: 1, 1197093: 1, 1197378: 1, 1197380: 1, 1197409: 1, 1197411: 2, 1197412: 1, 1197605: 1, 1197636: 1, 1213474: 2, 1213761: 1, 1213763: 2, 1213764: 1, 1213793: 2, 1213794: 3, 1213795: 2, 1213796: 1, 1213989: 2, 1214020: 2, 1214755: 1, 1214757: 1, 1214786: 1, 1229859: 1, 1230146: 2, 1230177: 2, 1230178: 2, 1230372: 1, 1230403: 1, 1231138: 1, 1231169: 1, 1231171: 1}",<rdkit.DataStructs.cDataStructs.IntSparseIntVect object at 0x121ff3450>
CCC(C=NNC)=CCC(O)CC,8388608,"{541734: 1, 541735: 1, 541737: 1, 558113: 2, 558115: 1, 558116: 1, 558117: 1, 558118: 3, 558120: 1, 558146: 1, 558147: 1, 558149: 1, 574498: 1, 574501: 1, 574503: 1, 574529: 2, 574532: 1, 689187: 3, 689188: 1, 689189: 1, 689190: 1, 689217: 1, 689218: 2, 689219: 2, 689221: 1, 689250: 1, 689252: 1, 689474: 1, 705570: 1, 705572: 1, 705573: 1, 705601: 1, 705602: 1, 705604: 1, 705635: 1, 705857: 2, 1082401: 1, 1082405: 1, 1082408: 1, 1082436: 1, 1082437: 1, 1082439: 1, 1082470: 1, 1082690: 1, 1082692: 1, 1082723: 1, 1213474: 1, 1213476: 1, 1213479: 1, 1213507: 1, 1213508: 1, 1213510: 1, 1213541: 1, 1213761: 1, 1213763: 1, 1213794: 1, 1214529: 1, 1590307: 1, 1590310: 1, 1590312: 1, 1590338: 2, 1590341: 1, 1590369: 1, 1590595: 1, 1590597: 1, 1590628: 1, 1591367: 1, 1591622: 1}",<rdkit.DataStructs.cDataStructs.IntSparseIntVect object at 0x121ff34c0>
C1=CCON=C2N=C(C=C1)ON2,8388608,"{689217: 1, 689218: 1, 689219: 1, 689220: 1, 689473: 3, 689474: 2, 689475: 1, 705603: 1, 705605: 1, 705857: 1, 705858: 1, 705859: 2, 705860: 3, 705861: 1, 705890: 1, 1082436: 1, 1082691: 1, 1082692: 1, 1082693: 2, 1082721: 1, 1082722: 1, 1213506: 1, 1213508: 1, 1213762: 1, 1213763: 2, 1213764: 3, 1213765: 2, 1213793: 3, 1213795: 1, 1214530: 2, 1214786: 1, 1606721: 1, 1606725: 1, 1606978: 2, 1606979: 2, 1606980: 2, 1606981: 2, 1607009: 1, 1607010: 2, 1607012: 1, 1607745: 1, 1607747: 1, 1608001: 1, 1608002: 1, 1608003: 2, 1608772: 1}",<rdkit.DataStructs.cDataStructs.IntSparseIntVect object at 0x121ff3530>
CC1CC2CN=C(NO)C12CCN,8388608,"{558114: 1, 558115: 1, 558116: 2, 558145: 1, 558146: 1, 558147: 2, 558148: 2, 574497: 1, 574499: 1, 574529: 3, 574530: 2, 574531: 3, 574562: 1, 590882: 1, 590913: 1, 590914: 3, 590945: 2, 705571: 1, 705602: 2, 705603: 2, 705634: 2, 705665: 1, 1066021: 1, 1066049: 1, 1066050: 1, 1066053: 2, 1066084: 2, 1066115: 1, 1066340: 1, 1082404: 1, 1082435: 2, 1082436: 2, 1082467: 2, 1082498: 1, 1082721: 1, 1083429: 1, 1213476: 1, 1213505: 1, 1213507: 2, 1213508: 1, 1213538: 1, 1213539: 1, 1213570: 1, 1213793: 1, 1214501: 1, 1214530: 1, 1590309: 1, 1590340: 2, 1590341: 2, 1590372: 2, 1590403: 1, 1590626: 1, 1591334: 1, 1591361: 1, 1591619: 1}",<rdkit.DataStructs.cDataStructs.IntSparseIntVect object at 0x121ff35a0>
C#CC12CCC1C(C)N(C=N)C2=C,8388608,"{558115: 1, 558116: 1, 558145: 1, 574497: 1, 574498: 1, 574529: 1, 574530: 2, 574531: 1, 574561: 1, 590883: 1, 590913: 1, 590914: 1, 590945: 1, 590946: 1, 672804: 1, 672835: 1, 672836: 1, 672867: 2, 672898: 1, 689187: 1, 689220: 2, 689250: 1, 689251: 1, 689283: 1, 689443: 1, 705571: 1, 705602: 1, 705603: 1, 705634: 2, 705665: 1, 705825: 1, 705858: 1, 803877: 1, 803907: 1, 803908: 1, 803939: 1, 803940: 1, 803970: 1, 804132: 1, 804165: 1, 804195: 1, 820260: 1, 820290: 1, 820291: 1, 820322: 1, 820323: 1, 820353: 1, 820515: 1, 820548: 1, 820578: 1, 820769: 1, 1098786: 1, 1098819: 2, 1098849: 1, 1098850: 1, 1098882: 1, 1099042: 1, 1099073: 1, 1099105: 1, 1099300: 1, 1099331: 1, 1197092: 1, 1197125: 2, 1197155: 1, 1197156: 1, 1197188: 1, 1197348: 1, 1197377: 1, 1197411: 1, 1197606: 1, 1197637: 1, 1198178: 1}",<rdkit.DataStructs.cDataStructs.IntSparseIntVect object at 0x121ff3610>
CC(C)C(O)CC=CCCC(N)=O,8388608,"{541730: 1, 558115: 2, 558118: 2, 558119: 2, 558145: 1, 558147: 1, 558148: 1, 574497: 2, 574498: 2, 574529: 1, 574530: 1, 574532: 1, 574533: 2, 574534: 1, 574561: 1, 689188: 2, 689189: 2, 689217: 2, 689218: 3, 689219: 1, 689250: 1, 689251: 2, 689252: 1, 689473: 1, 705576: 2, 705601: 1, 705602: 1, 705605: 1, 705638: 1, 705639: 1, 705859: 1, 705860: 1, 1066025: 2, 1066050: 1, 1066051: 1, 1066054: 1, 1066087: 1, 1066088: 1, 1066308: 1, 1066309: 1, 1066337: 1, 1590307: 2, 1590338: 1, 1590341: 1, 1590342: 1, 1590369: 1, 1590370: 1, 1590595: 1, 1590596: 1, 1590631: 1, 1591336: 1, 1721385: 2, 1721410: 1, 1721411: 1, 1721414: 1, 1721447: 1, 1721448: 1, 1721668: 1, 1721669: 1, 1721697: 1, 1722402: 1, 1723432: 1}",<rdkit.DataStructs.cDataStructs.IntSparseIntVect object at 0x121ff3680>
C=NOCC12CC(C)CC(O)(C1)C2,8388608,"{558114: 2, 558116: 3, 558146: 9, 558148: 1, 574497: 1, 574529: 2, 574531: 3, 590883: 2, 590913: 7, 590915: 3, 590946: 2, 590978: 1, 672807: 1, 672835: 1, 672837: 3, 672839: 1, 672870: 1, 672900: 1, 672902: 1, 1213478: 1, 1213506: 1, 1213508: 3, 1213510: 1, 1213541: 1, 1213571: 1, 1213573: 1, 1213729: 1, 1590308: 1, 1590338: 3, 1590340: 2, 1590371: 1, 1590401: 1, 1590403: 1, 1590567: 1, 1591622: 1, 1606693: 1, 1606721: 1, 1606723: 3, 1606725: 1, 1606756: 1, 1606786: 1, 1606788: 1, 1606946: 1, 1608001: 1, 1608741: 1}",<rdkit.DataStructs.cDataStructs.IntSparseIntVect object at 0x121ff36f0>
C#CC(NN=C)C1CC(=O)NN1C,8388608,"{558115: 1, 574498: 1, 574499: 1, 574529: 1, 574530: 1, 574561: 1, 672806: 1, 672837: 1, 672867: 1, 672868: 1, 705571: 1, 705601: 1, 705634: 1, 705635: 1, 705830: 1, 803877: 1, 803908: 1, 803938: 1, 803939: 1, 804133: 1, 804197: 1, 820260: 1, 820291: 1, 820321: 1, 820322: 1, 820516: 1, 820580: 1, 820769: 1, 1082402: 1, 1082404: 1, 1082434: 1, 1082435: 1, 1082465: 1, 1082466: 2, 1082467: 1, 1082658: 1, 1082662: 1, 1082721: 1, 1082724: 1, 1082915: 1, 1082917: 1, 1082946: 1, 1082948: 1, 1083460: 1, 1098785: 1, 1098818: 1, 1098849: 1, 1098850: 1, 1099045: 1, 1099106: 1, 1099300: 1, 1099331: 1, 1099841: 1, 1099843: 1, 1213477: 1, 1213508: 1, 1213538: 1, 1213539: 1, 1213729: 1, 1213797: 1, 1213988: 1, 1214019: 1, 1214529: 1, 1214533: 1, 1214564: 1, 1721380: 1, 1721410: 1, 1721443: 1, 1721444: 1, 1721639: 1, 1721697: 1, 1721894: 1, 1721925: 1, 1722434: 1, 1722437: 1, 1722467: 1, 1722694: 1}",<rdkit.DataStructs.cDataStructs.IntSparseIntVect object at 0x121ff3760>
C=C1CCCNNC(=N)C1N(C)C,8388608,"{541730: 1, 558116: 2, 558117: 2, 558118: 2, 558145: 2, 558146: 1, 574498: 2, 574530: 1, 574531: 1, 574532: 1, 672804: 2, 672834: 1, 672835: 1, 672836: 1, 672866: 1, 705571: 4, 705601: 1, 705602: 1, 705603: 3, 705604: 1, 705633: 2, 705825: 1, 705827: 1, 705890: 1, 1082404: 2, 1082405: 2, 1082433: 1, 1082434: 2, 1082435: 2, 1082436: 1, 1082466: 1, 1082467: 1, 1082660: 1, 1082661: 1, 1082721: 1, 1082722: 1, 1082723: 1, 1082724: 1, 1083457: 1, 1098785: 2, 1098819: 1, 1098820: 1, 1098821: 1, 1098849: 1, 1099043: 1, 1099106: 2, 1099843: 1, 1099844: 1, 1197092: 2, 1197124: 2, 1197125: 1, 1197154: 1, 1197348: 1, 1197409: 1, 1197411: 1, 1198146: 1, 1198147: 1, 1198179: 1}",<rdkit.DataStructs.cDataStructs.IntSparseIntVect object at 0x121ff37d0>
CC12OCC1(O)C(C)(C)N(O)C2=O,8388608,"{541730: 1, 541732: 2, 558115: 3, 590881: 3, 590882: 3, 590883: 3, 590913: 1, 590914: 2, 590977: 2, 590978: 1, 705570: 1, 705571: 2, 705603: 1, 705665: 1, 705666: 2, 1098786: 2, 1098787: 1, 1098819: 1, 1098881: 1, 1098882: 2, 1099105: 1, 1590307: 5, 1590308: 1, 1590338: 1, 1590340: 1, 1590401: 1, 1590402: 3, 1590403: 2, 1590626: 1, 1590627: 1, 1591393: 1, 1591395: 1, 1592356: 1, 1606690: 1, 1606692: 2, 1606721: 1, 1606785: 1, 1606786: 1, 1606787: 1, 1607010: 1, 1607779: 1, 1608739: 1, 1608740: 1, 1721379: 1, 1721380: 2, 1721412: 1, 1721474: 1, 1721475: 2, 1721697: 1, 1722466: 1, 1723427: 1, 1723428: 1, 1723459: 1}",<rdkit.DataStructs.cDataStructs.IntSparseIntVect object at 0x121ff3840>
Cc1nc2c(s1)C=CC2(N)CN,8388608,"{558117: 1, 590884: 1, 590913: 1, 689188: 1, 689189: 1, 689218: 1, 689219: 1, 689281: 1, 689282: 1, 689473: 1, 705569: 1, 705571: 2, 705602: 1, 705603: 1, 705604: 1, 705665: 1, 705666: 1, 705667: 1, 705857: 1, 705858: 3, 705859: 1, 705860: 1, 705889: 1, 705890: 2, 1066021: 1, 1066022: 1, 1066049: 1, 1066050: 1, 1066113: 1, 1066114: 1, 1066306: 1, 1066307: 2, 1066308: 1, 1066338: 1, 1066339: 2, 1066340: 2, 1066341: 1, 1067043: 1, 1213474: 1, 1213507: 1, 1213570: 1, 1213763: 2, 1213793: 2, 1213794: 1, 1214499: 1, 1214500: 1, 3834914: 1, 3834948: 1, 3835011: 1, 3835202: 1, 3835203: 1, 3835233: 2, 3835234: 1, 3835940: 1, 3835941: 1, 3836226: 1}",<rdkit.DataStructs.cDataStructs.IntSparseIntVect object at 0x121ff38b0>
CCC1C2CCC13ON=CC3OC2,8388608,"{558113: 1, 558116: 3, 558145: 1, 558146: 1, 558147: 4, 574498: 1, 574499: 1, 574500: 1, 574529: 3, 574530: 7, 574531: 2, 574561: 1, 574562: 1, 574563: 1, 590883: 1, 590913: 1, 590914: 2, 590915: 1, 590945: 2, 590946: 1, 689189: 1, 689219: 2, 689220: 2, 689249: 1, 689251: 1, 689252: 1, 689282: 1, 1213477: 1, 1213507: 1, 1213508: 3, 1213538: 1, 1213539: 1, 1213540: 1, 1213570: 1, 1213761: 1, 1606692: 1, 1606693: 1, 1606721: 1, 1606722: 1, 1606723: 4, 1606724: 2, 1606753: 1, 1606754: 3, 1606755: 2, 1606785: 1, 1606786: 1, 1606978: 2, 1608001: 1, 1608003: 1, 1608771: 1}",<rdkit.DataStructs.cDataStructs.IntSparseIntVect object at 0x121ff3920>
Cn1c(=O)ccc(=O)c(=N)[nH]c1=S,8388608,"{689187: 1, 689188: 1, 689473: 1, 705570: 2, 705572: 1, 705573: 1, 705857: 2, 705858: 3, 705859: 2, 705860: 1, 705889: 1, 705890: 2, 705891: 2, 705892: 1, 1197093: 1, 1197379: 1, 1197380: 1, 1197409: 1, 1197410: 1, 1197411: 1, 1197413: 1, 1213475: 1, 1213763: 1, 1213764: 1, 1213793: 2, 1213794: 1, 1213795: 1, 1214754: 1, 1229857: 1, 1230146: 1, 1230147: 1, 1230177: 2, 1230179: 1, 1230180: 1, 1231140: 1, 1231170: 1, 1721379: 1, 1721382: 1, 1721666: 2, 1721667: 2, 1721697: 2, 1721698: 1, 1721699: 1, 1721700: 3, 1721701: 1, 1722659: 1, 1722662: 1, 1722691: 1, 1722692: 1, 1722722: 1, 1722725: 1, 1723685: 1, 3818531: 1, 3818820: 1, 3818821: 1, 3818849: 1, 3818851: 2, 3818852: 1, 3819812: 1, 3819842: 1, 3819874: 1, 3820836: 1, 3820837: 1}",<rdkit.DataStructs.cDataStructs.IntSparseIntVect object at 0x121ff3990>
C=C1OC2C3CC4C1C2C(C)(N)C34,8388608,"{558116: 1, 574498: 2, 574499: 4, 574529: 2, 574530: 3, 574531: 1, 574561: 6, 574562: 7, 574563: 2, 590881: 1, 590915: 1, 590945: 2, 590946: 4, 672805: 1, 672836: 1, 672866: 1, 672867: 3, 672868: 2, 672900: 1, 705572: 1, 705603: 1, 705633: 1, 705634: 3, 705635: 2, 705667: 1, 705825: 1, 1066018: 1, 1066052: 1, 1066082: 2, 1066083: 4, 1066113: 1, 1066277: 1, 1066340: 1, 1606692: 1, 1606723: 1, 1606753: 1, 1606754: 3, 1606755: 2, 1606787: 1, 1606946: 1, 1607009: 1, 1607716: 1}",<rdkit.DataStructs.cDataStructs.IntSparseIntVect object at 0x121ff3a00>
C#CC1OC(C)C2C=CC1(N)CC2,8388608,"{558115: 1, 558116: 1, 558145: 1, 574497: 1, 574498: 1, 574499: 1, 574529: 1, 574530: 3, 574531: 2, 574561: 1, 574562: 1, 574563: 1, 590884: 1, 590913: 1, 590914: 1, 590945: 1, 590947: 2, 689187: 1, 689188: 1, 689218: 2, 689219: 2, 689249: 1, 689250: 3, 689251: 2, 689281: 1, 689282: 1, 689473: 1, 803877: 1, 803908: 1, 803909: 1, 803938: 1, 803940: 1, 803941: 1, 803971: 1, 804164: 1, 804165: 1, 820260: 1, 820291: 1, 820292: 1, 820321: 1, 820323: 1, 820324: 1, 820354: 1, 820547: 1, 820548: 1, 820769: 1, 1066021: 1, 1066050: 1, 1066051: 1, 1066082: 1, 1066084: 2, 1066113: 1, 1066306: 1, 1066307: 1, 1066532: 1, 1066563: 1, 1606690: 1, 1606723: 2, 1606753: 2, 1606754: 1, 1606786: 1, 1606979: 2, 1607203: 1, 1607234: 1, 1607715: 1}",<rdkit.DataStructs.cDataStructs.IntSparseIntVect object at 0x121ff3a70>
CC1(N)C2C3CN4CC(N)(CC24)C31,8388608,"{558116: 3, 558146: 2, 558147: 1, 574498: 2, 574499: 2, 574529: 2, 574530: 7, 574531: 3, 574561: 3, 574562: 2, 574563: 1, 590881: 1, 590883: 1, 590913: 2, 590915: 4, 590945: 3, 590946: 4, 590947: 1, 590978: 1, 1066018: 1, 1066020: 1, 1066050: 2, 1066052: 4, 1066082: 3, 1066083: 4, 1066084: 1, 1066113: 2, 1066115: 2, 1067044: 1, 1098788: 1, 1098817: 2, 1098818: 1, 1098849: 1, 1098850: 2, 1098851: 1, 1098882: 1, 1098883: 1, 1099811: 1, 1099812: 1}",<rdkit.DataStructs.cDataStructs.IntSparseIntVect object at 0x121ff3ae0>
CC1NC2C3OC3C1(O)C2N,8388608,"{574497: 1, 574499: 3, 574500: 1, 574561: 3, 574562: 6, 574563: 1, 590882: 1, 590945: 3, 590946: 2, 1066020: 1, 1066081: 1, 1066082: 1, 1066083: 3, 1066114: 1, 1082402: 1, 1082465: 2, 1082466: 2, 1082467: 1, 1082498: 1, 1083427: 1, 1590307: 1, 1590370: 3, 1590371: 2, 1590401: 1, 1591331: 1, 1591363: 1, 1606692: 1, 1606753: 2, 1606754: 1, 1606755: 2, 1606786: 1, 1607716: 1, 1607747: 1, 1608739: 1}",<rdkit.DataStructs.cDataStructs.IntSparseIntVect object at 0x121ff3b50>
CNCC(C)NCCNC=CC#N,8388608,"{541732: 1, 558114: 2, 558115: 1, 558116: 1, 558117: 1, 558118: 1, 558145: 1, 558147: 1, 558148: 1, 574497: 1, 574499: 1, 574529: 1, 574530: 1, 574531: 1, 689190: 1, 689191: 1, 689192: 1, 689193: 1, 689218: 1, 689219: 2, 689220: 1, 689222: 1, 689223: 1, 689253: 1, 689254: 1, 689473: 1, 820264: 1, 820266: 1, 820292: 1, 820293: 1, 820296: 1, 820327: 1, 820545: 1, 820546: 1, 1082401: 1, 1082402: 1, 1082403: 1, 1082404: 1, 1082405: 1, 1082407: 1, 1082433: 3, 1082434: 3, 1082436: 1, 1082437: 2, 1082465: 1, 1082466: 1, 1082468: 1, 1082689: 1, 1082690: 1, 1082692: 1, 1082693: 1, 1082695: 1, 1082696: 1, 1082947: 1, 1082950: 1, 1082953: 1, 1083459: 2, 1083462: 1, 1328169: 1, 1328171: 1, 1328197: 1, 1328198: 1, 1328201: 1, 1328232: 1, 1328450: 1, 1328451: 1, 1328705: 1, 1329220: 1, 1329223: 1, 1329226: 1}",<rdkit.DataStructs.cDataStructs.IntSparseIntVect object at 0x121ff3bc0>
CC1=CC(NN=CC2CO2)C(=O)C1,8388608,"{558114: 1, 558120: 1, 558151: 1, 574499: 1, 574503: 1, 574529: 1, 574530: 1, 574533: 1, 574534: 1, 574564: 1, 689186: 1, 689190: 1, 689218: 2, 689221: 1, 689222: 1, 689249: 2, 689251: 1, 689253: 1, 689476: 1, 705569: 1, 705571: 1, 705601: 2, 705606: 1, 705607: 1, 705633: 1, 705634: 1, 705637: 1, 705638: 1, 705857: 1, 705858: 1, 705860: 1, 705861: 1, 705890: 1, 1082404: 1, 1082435: 1, 1082436: 1, 1082465: 1, 1082467: 1, 1082690: 2, 1082722: 1, 1082723: 1, 1213477: 1, 1213507: 1, 1213508: 1, 1213538: 2, 1213761: 1, 1213763: 1, 1213795: 1, 1213796: 1, 1214529: 1, 1606696: 1, 1606721: 1, 1606727: 1, 1606753: 1, 1606757: 1, 1606978: 1, 1606982: 1, 1607014: 1, 1607015: 1, 1607748: 1, 1608003: 1, 1721380: 1, 1721410: 1, 1721415: 1, 1721442: 1, 1721446: 1, 1721667: 1, 1721669: 1, 1721697: 1, 1721699: 1, 1722435: 1, 1722692: 1, 1723463: 1}",<rdkit.DataStructs.cDataStructs.IntSparseIntVect object at 0x121ff3c30>
CC1NC2C3C(N)C3OC3C1C23O,8388608,"{574497: 1, 574498: 1, 574499: 2, 574500: 1, 574501: 2, 574561: 6, 574562: 7, 574563: 5, 574564: 3, 590883: 1, 590945: 3, 590946: 2, 590947: 2, 1066022: 1, 1066081: 1, 1066082: 2, 1066083: 1, 1066084: 1, 1066085: 2, 1066116: 1, 1082402: 1, 1082465: 2, 1082466: 2, 1082467: 3, 1082498: 1, 1083428: 1, 1590308: 1, 1590370: 3, 1590371: 2, 1590372: 2, 1590401: 1, 1591333: 1, 1591363: 1, 1606692: 1, 1606753: 2, 1606754: 3, 1606755: 2, 1606786: 1, 1607715: 1, 1607748: 1, 1608739: 1}",<rdkit.DataStructs.cDataStructs.IntSparseIntVect object at 0x121ff3ca0>
CCN1C(C)C(C)C2C(CO)C21,8388608,"{541731: 1, 541732: 1, 541733: 1, 558113: 1, 558115: 1, 558116: 2, 558117: 2, 558148: 1, 574497: 2, 574498: 3, 574499: 6, 574500: 4, 574529: 1, 574530: 4, 574531: 4, 574532: 1, 574561: 5, 574562: 4, 574563: 1, 1098786: 2, 1098787: 1, 1098817: 1, 1098819: 1, 1098849: 2, 1098850: 3, 1590309: 1, 1590310: 2, 1590337: 1, 1590341: 1, 1590370: 1, 1590371: 2, 1590372: 1, 1590373: 1, 1591396: 1}",<rdkit.DataStructs.cDataStructs.IntSparseIntVect object at 0x121ff3d10>
C=C1CC(C)CC(C(=O)O)=C1N,8388608,"{558114: 2, 558146: 1, 574497: 1, 574529: 2, 672804: 1, 672834: 1, 672836: 1, 672867: 1, 705571: 2, 705572: 2, 705601: 2, 705602: 3, 705603: 2, 705604: 1, 705634: 2, 705635: 2, 705825: 1, 705826: 1, 705827: 1, 705828: 1, 705889: 3, 705890: 2, 705891: 1, 1066021: 1, 1066051: 2, 1066084: 1, 1066275: 1, 1066337: 1, 1066338: 2, 1066339: 1, 1590309: 1, 1590339: 1, 1590341: 1, 1590372: 1, 1590565: 1, 1590625: 1, 1590626: 1, 1590627: 1, 1590628: 1, 1591332: 1, 1721381: 1, 1721411: 1, 1721413: 1, 1721444: 1, 1721637: 1, 1721697: 1, 1721698: 1, 1721699: 1, 1721700: 1, 1722404: 1, 1723426: 1}",<rdkit.DataStructs.cDataStructs.IntSparseIntVect object at 0x121ff3d80>
CCC1C(C)C2CN1C2C1CN1,8388608,"{541732: 1, 558113: 1, 558115: 2, 558116: 1, 558117: 1, 558118: 1, 558147: 1, 558148: 1, 558149: 1, 574497: 1, 574498: 3, 574499: 2, 574500: 3, 574501: 1, 574529: 3, 574530: 5, 574531: 4, 574532: 3, 574561: 4, 574562: 4, 574563: 2, 1082405: 1, 1082406: 1, 1082433: 1, 1082436: 1, 1082437: 1, 1082465: 1, 1082466: 1, 1082467: 1, 1082468: 2, 1098787: 2, 1098817: 1, 1098818: 1, 1098819: 1, 1098849: 2, 1098850: 3, 1099843: 1}",<rdkit.DataStructs.cDataStructs.IntSparseIntVect object at 0x121ff3df0>
CNCCC=CCC1CCC2NC12,8388608,"{558114: 1, 558115: 1, 558118: 1, 558120: 1, 558121: 1, 558145: 2, 558146: 1, 558147: 2, 558148: 1, 558149: 1, 558150: 2, 558151: 1, 574503: 1, 574504: 1, 574505: 1, 574529: 3, 574530: 5, 574531: 1, 574532: 1, 574533: 2, 574534: 2, 574535: 1, 574561: 2, 574562: 1, 689188: 1, 689189: 1, 689217: 2, 689218: 3, 689219: 2, 689220: 2, 689221: 1, 689250: 1, 689251: 2, 689252: 2, 689253: 1, 689473: 1, 1082401: 1, 1082409: 1, 1082433: 1, 1082434: 2, 1082435: 2, 1082437: 1, 1082438: 1, 1082439: 2, 1082440: 1, 1082465: 2, 1082466: 1, 1082470: 1, 1082471: 1, 1082472: 1, 1082691: 1, 1082692: 2, 1082693: 1, 1083464: 1}",<rdkit.DataStructs.cDataStructs.IntSparseIntVect object at 0x121ff3e60>
CC(CC1(N)CCCOC1)C1CN1,8388608,"{558114: 1, 558115: 1, 558116: 2, 558117: 1, 558118: 1, 558145: 2, 558146: 5, 558147: 3, 558148: 1, 558149: 2, 558150: 1, 558151: 1, 574497: 1, 574498: 1, 574529: 2, 574530: 2, 574531: 2, 574532: 3, 574533: 2, 574534: 1, 574561: 1, 590883: 1, 590913: 3, 590914: 1, 590915: 1, 590916: 1, 590946: 1, 590947: 1, 1066020: 1, 1066050: 3, 1066051: 1, 1066052: 1, 1066053: 1, 1066083: 1, 1066084: 1, 1066113: 1, 1082403: 1, 1082433: 1, 1082435: 1, 1082437: 2, 1082438: 1, 1082439: 1, 1082465: 1, 1082466: 1, 1082500: 1, 1083429: 1, 1606693: 1, 1606721: 2, 1606722: 1, 1606723: 2, 1606726: 1, 1606756: 1, 1606757: 1, 1606786: 1, 1607715: 1, 1607750: 1}",<rdkit.DataStructs.cDataStructs.IntSparseIntVect object at 0x121ff3ed0>
C=C1OC(CC)C2(CN)CC1N2,8388608,"{558113: 1, 558116: 2, 558146: 1, 558147: 2, 574498: 1, 574501: 1, 574529: 2, 574530: 2, 574531: 1, 574532: 1, 574563: 1, 590883: 1, 590913: 2, 590914: 1, 590945: 1, 590946: 1, 672805: 1, 672835: 1, 672836: 1, 672837: 1, 672866: 1, 672867: 1, 672900: 1, 705572: 1, 705602: 1, 705603: 1, 705604: 1, 705633: 1, 705634: 1, 705667: 1, 705825: 1, 1066021: 1, 1066049: 1, 1066051: 1, 1066052: 1, 1066083: 1, 1066084: 1, 1066114: 1, 1066278: 1, 1066341: 1, 1082404: 1, 1082434: 2, 1082435: 1, 1082465: 1, 1082466: 1, 1082497: 1, 1082659: 1, 1082722: 1, 1083427: 1, 1606691: 1, 1606722: 1, 1606723: 2, 1606753: 1, 1606754: 1, 1606786: 1, 1606946: 1, 1607009: 1, 1607716: 1, 1607747: 1}",<rdkit.DataStructs.cDataStructs.IntSparseIntVect object at 0x121ff3f40>
N#CC1Cc2cn3nncc3n2C1,8388608,"{558146: 1, 574529: 2, 689218: 1, 689219: 2, 689220: 1, 689251: 1, 689252: 1, 689475: 1, 705601: 1, 705602: 2, 705603: 1, 705634: 1, 705635: 1, 705857: 2, 705858: 1, 705859: 1, 705890: 1, 820290: 2, 820321: 1, 820548: 1, 820549: 1, 820579: 1, 820580: 1, 1213508: 3, 1213509: 1, 1213541: 2, 1213761: 1, 1213762: 2, 1213763: 1, 1213794: 2, 1213795: 1, 1213796: 1, 1214022: 2, 1214785: 1, 1229889: 1, 1229890: 1, 1229891: 2, 1229922: 1, 1229924: 1, 1230145: 1, 1230146: 3, 1230177: 3, 1230178: 1, 1230403: 1, 1230405: 1, 1231169: 1, 1231170: 1, 1231171: 2, 1231202: 1, 1328195: 2, 1328226: 1, 1328453: 1, 1328454: 1, 1328484: 1, 1328485: 1, 1328705: 1, 1329479: 2, 1329508: 1, 1329510: 1}",<rdkit.DataStructs.cDataStructs.IntSparseIntVect object at 0x122a5c040>
CC1C2C=COC3OCC(N2)C31C,8388608,"{541731: 1, 558115: 1, 558116: 1, 574497: 1, 574498: 4, 574499: 3, 574529: 1, 574530: 1, 574531: 2, 574561: 1, 574562: 4, 574563: 1, 590881: 1, 590882: 1, 590914: 1, 590945: 3, 590946: 1, 689187: 1, 689188: 3, 689220: 2, 689249: 1, 689250: 3, 689251: 3, 689252: 1, 689283: 2, 689473: 1, 1082403: 2, 1082434: 1, 1082465: 2, 1082466: 1, 1082467: 1, 1082498: 1, 1082690: 1, 1082691: 1, 1606691: 2, 1606692: 2, 1606721: 1, 1606723: 1, 1606753: 2, 1606754: 1, 1606755: 4, 1606756: 1, 1606786: 2, 1606977: 1, 1606978: 1, 1606979: 1, 1606980: 1, 1607747: 1, 1607748: 1, 1608770: 1}",<rdkit.DataStructs.cDataStructs.IntSparseIntVect object at 0x122a5c0b0>
C#CC(CC#N)=C(C#N)C1CCO1,8388608,"{558145: 1, 558148: 1, 558149: 1, 574529: 1, 574530: 1, 574531: 1, 705601: 1, 705602: 2, 705603: 2, 705604: 1, 705633: 1, 705634: 1, 705889: 1, 803907: 1, 803909: 1, 803910: 1, 803940: 1, 804194: 1, 804195: 1, 820289: 1, 820290: 1, 820291: 2, 820292: 2, 820293: 2, 820294: 1, 820322: 1, 820323: 1, 820324: 1, 820577: 2, 820578: 3, 820579: 1, 820769: 1, 820772: 2, 820803: 2, 820804: 1, 1328194: 1, 1328196: 2, 1328197: 1, 1328198: 1, 1328199: 1, 1328227: 1, 1328229: 1, 1328482: 1, 1328483: 2, 1328484: 1, 1328677: 2, 1328705: 2, 1328708: 2, 1328709: 2, 1329702: 1, 1606721: 1, 1606722: 1, 1606724: 1, 1606753: 1, 1607010: 1, 1607011: 1, 1607205: 1, 1607235: 1, 1607236: 1, 1607237: 1, 1608228: 1, 1608230: 1}",<rdkit.DataStructs.cDataStructs.IntSparseIntVect object at 0x122a5c120>
CC12CNC3CC3C(C=CCN1)C2,8388608,"{558114: 2, 558115: 1, 558117: 1, 558146: 1, 558147: 4, 558149: 1, 574499: 1, 574500: 2, 574529: 3, 574530: 3, 574531: 4, 574532: 1, 574533: 1, 574561: 2, 574562: 1, 590881: 1, 590913: 2, 590914: 1, 590916: 1, 590946: 1, 590947: 2, 689188: 2, 689217: 1, 689218: 2, 689219: 2, 689220: 3, 689249: 1, 689250: 2, 689251: 2, 689252: 1, 689283: 2, 689473: 1, 1082402: 1, 1082403: 1, 1082433: 2, 1082434: 3, 1082435: 1, 1082436: 1, 1082437: 1, 1082465: 1, 1082466: 1, 1082467: 2, 1082468: 2, 1082497: 1, 1082498: 1, 1082690: 1, 1082691: 1, 1082692: 1, 1082693: 1, 1083459: 1}",<rdkit.DataStructs.cDataStructs.IntSparseIntVect object at 0x122a5c190>
CC1(N)CNN(C=O)C1C1CC1,8388608,"{558114: 1, 558116: 2, 558145: 1, 558148: 2, 574498: 1, 574499: 1, 574529: 2, 574530: 3, 574531: 1, 574561: 1, 590881: 1, 590913: 1, 590915: 2, 590945: 1, 590946: 1, 689188: 1, 689219: 1, 689220: 2, 689250: 1, 689251: 1, 689283: 1, 1066018: 1, 1066050: 1, 1066052: 2, 1066082: 1, 1066083: 1, 1066113: 1, 1066308: 1, 1082403: 1, 1082433: 1, 1082436: 2, 1082466: 1, 1082467: 1, 1082498: 1, 1082690: 1, 1083427: 1, 1098787: 1, 1098818: 1, 1098819: 2, 1098849: 1, 1098850: 1, 1098882: 1, 1099073: 1, 1099811: 1, 1099841: 1, 1721381: 1, 1721412: 1, 1721413: 2, 1721443: 1, 1721444: 1, 1721476: 1, 1721665: 1, 1722405: 1, 1722435: 1, 1722466: 1}",<rdkit.DataStructs.cDataStructs.IntSparseIntVect object at 0x122a5c200>
CCC=NN=CC=C(C#N)NC,8388608,"{541737: 1, 558113: 1, 558120: 1, 689186: 1, 689187: 1, 689188: 1, 689189: 1, 689190: 1, 689191: 1, 689217: 1, 689220: 1, 689221: 1, 689473: 1, 689475: 1, 689476: 1, 705570: 1, 705575: 1, 705606: 1, 705857: 1, 705858: 1, 705861: 1, 820259: 1, 820264: 1, 820295: 1, 820546: 1, 820547: 1, 820550: 1, 820577: 1, 1082401: 1, 1082408: 1, 1082439: 1, 1082690: 1, 1082691: 1, 1082694: 1, 1082721: 1, 1082946: 1, 1213475: 1, 1213476: 1, 1213477: 1, 1213478: 1, 1213506: 1, 1213507: 1, 1213761: 2, 1213762: 3, 1213763: 1, 1213795: 1, 1213796: 1, 1214020: 1, 1214021: 1, 1214532: 1, 1214533: 1, 1214785: 1, 1328164: 1, 1328169: 1, 1328200: 1, 1328451: 1, 1328452: 1, 1328455: 1, 1328482: 1, 1328705: 1, 1329219: 1, 1329477: 1, 1329478: 1}",<rdkit.DataStructs.cDataStructs.IntSparseIntVect object at 0x122a5c270>
CC(C)C=NN(C)C1COC1CN,8388608,"{541730: 1, 541733: 2, 558115: 1, 558116: 1, 558118: 2, 558119: 2, 558147: 1, 574497: 2, 574498: 1, 574499: 1, 574500: 1, 574501: 2, 574502: 2, 574529: 2, 574530: 2, 574533: 1, 574534: 1, 574561: 1, 574564: 1, 574565: 1, 689186: 2, 689187: 1, 689220: 1, 689221: 1, 689249: 1, 689251: 1, 689252: 1, 1066021: 1, 1066024: 2, 1066049: 1, 1066052: 1, 1066082: 1, 1066083: 1, 1066087: 1, 1066310: 1, 1098785: 1, 1098788: 2, 1098818: 1, 1098819: 1, 1098849: 1, 1098850: 1, 1098851: 1, 1099074: 1, 1099812: 1, 1213474: 1, 1213475: 2, 1213507: 1, 1213508: 1, 1213538: 2, 1213539: 1, 1213761: 1, 1214501: 1, 1214561: 1, 1606692: 1, 1606695: 2, 1606721: 1, 1606722: 1, 1606753: 1, 1606754: 1, 1606758: 1, 1606981: 1, 1607715: 1, 1607779: 1, 1608004: 1}",<rdkit.DataStructs.cDataStructs.IntSparseIntVect object at 0x122a5c2e0>
CCC12CC1NC(C)C2CCNC,8388608,"{541733: 1, 541734: 1, 541735: 1, 558113: 1, 558114: 1, 558115: 3, 558116: 4, 558117: 1, 558118: 2, 558145: 1, 558146: 1, 558147: 2, 558148: 2, 574497: 1, 574498: 1, 574499: 3, 574500: 2, 574501: 1, 574502: 1, 574529: 2, 574530: 5, 574531: 4, 574532: 1, 574561: 1, 574562: 2, 590882: 1, 590883: 1, 590885: 1, 590913: 2, 590914: 1, 590915: 1, 590945: 2, 590946: 1, 1082401: 1, 1082402: 1, 1082404: 1, 1082405: 1, 1082406: 2, 1082433: 1, 1082434: 2, 1082435: 2, 1082436: 1, 1082437: 2, 1082465: 2, 1082466: 1, 1082467: 1, 1082468: 1, 1082469: 1, 1082498: 1, 1082500: 1, 1083461: 1}",<rdkit.DataStructs.cDataStructs.IntSparseIntVect object at 0x122a5c350>
CC1=CC2C(=O)C3CCNC2C13C,8388608,"{541731: 1, 558115: 1, 558116: 2, 558117: 1, 558145: 1, 574498: 2, 574499: 4, 574529: 1, 574530: 2, 574531: 3, 574561: 1, 574562: 2, 590881: 1, 590882: 1, 590914: 1, 590915: 1, 590945: 2, 590946: 1, 689186: 1, 689187: 1, 689220: 2, 689249: 1, 689250: 1, 689251: 1, 689282: 1, 705569: 1, 705570: 1, 705571: 1, 705572: 1, 705602: 1, 705603: 2, 705604: 1, 705633: 2, 705634: 4, 705665: 1, 705666: 1, 705857: 1, 705858: 1, 705891: 1, 1082403: 1, 1082404: 1, 1082433: 1, 1082434: 1, 1082465: 1, 1082466: 1, 1082467: 1, 1082498: 1, 1082691: 1, 1082723: 2, 1721380: 1, 1721381: 1, 1721411: 1, 1721412: 1, 1721442: 2, 1721443: 1, 1721475: 1, 1721667: 1, 1721697: 1, 1721700: 1, 1722436: 1}",<rdkit.DataStructs.cDataStructs.IntSparseIntVect object at 0x122a5c3c0>
C1=C2C(=NN3CCNCC23)CO1,8388608,"{558145: 1, 558146: 1, 558147: 1, 558148: 2, 558149: 1, 574529: 1, 574530: 1, 574531: 2, 689218: 1, 689219: 1, 689220: 1, 689221: 1, 689250: 1, 705601: 1, 705602: 2, 705603: 3, 705604: 2, 705633: 1, 705634: 1, 705857: 1, 705858: 1, 705889: 1, 1082433: 2, 1082434: 1, 1082437: 1, 1082466: 1, 1082692: 1, 1082723: 1, 1082724: 1, 1098817: 1, 1098818: 2, 1098819: 1, 1098849: 1, 1099075: 1, 1099106: 2, 1099843: 1, 1213506: 2, 1213507: 2, 1213538: 1, 1213763: 1, 1213793: 1, 1213794: 1, 1214532: 1, 1214561: 1, 1606721: 1, 1606724: 1, 1606725: 1, 1606726: 1, 1606755: 1, 1606977: 1, 1607010: 2, 1607749: 1, 1607780: 1, 1608003: 1}",<rdkit.DataStructs.cDataStructs.IntSparseIntVect object at 0x122a5c430>
CC1=NOC(=O)C2C1C(C#N)N2C,8388608,"{541733: 1, 574498: 3, 574499: 3, 574561: 2, 574562: 1, 705569: 1, 705571: 1, 705572: 2, 705633: 2, 705634: 3, 705635: 1, 705891: 1, 820259: 1, 820260: 1, 820321: 1, 820322: 1, 820323: 1, 820579: 1, 820580: 1, 1098785: 1, 1098788: 1, 1098849: 2, 1098850: 1, 1099106: 1, 1099107: 1, 1099330: 1, 1213474: 1, 1213477: 1, 1213538: 1, 1213539: 2, 1213793: 1, 1213794: 1, 1214020: 1, 1214564: 1, 1328164: 1, 1328165: 1, 1328226: 1, 1328227: 1, 1328228: 1, 1328484: 1, 1328485: 1, 1328705: 1, 1329251: 1, 1329477: 1, 1606691: 1, 1606692: 1, 1606754: 1, 1606755: 1, 1606756: 1, 1607009: 1, 1607010: 1, 1607237: 1, 1607779: 1, 1608001: 1, 1608230: 1, 1721380: 1, 1721381: 1, 1721442: 1, 1721443: 1, 1721444: 1, 1721697: 1, 1721700: 1, 1721925: 1, 1722467: 1, 1722691: 1, 1722918: 1, 1723458: 1}",<rdkit.DataStructs.cDataStructs.IntSparseIntVect object at 0x122a5c4a0>
CCC(CN)C1CN1C(C)=N,8388608,"{541734: 1, 558113: 1, 558115: 2, 558116: 1, 558117: 2, 558146: 1, 558147: 2, 574498: 1, 574499: 2, 574500: 1, 574529: 3, 574530: 3, 574561: 1, 705569: 1, 705573: 1, 705602: 1, 705604: 2, 705634: 1, 705635: 1, 1066020: 1, 1066022: 1, 1066049: 1, 1066051: 1, 1066052: 1, 1066082: 1, 1066083: 1, 1066341: 1, 1098786: 1, 1098788: 1, 1098817: 1, 1098819: 2, 1098849: 1, 1098850: 1, 1099105: 1, 1099812: 1, 1197090: 1, 1197094: 1, 1197123: 1, 1197125: 2, 1197155: 1, 1197156: 1, 1197409: 1, 1198118: 1, 1198178: 1}",<rdkit.DataStructs.cDataStructs.IntSparseIntVect object at 0x122a5c510>
CCC(C(=O)NO)C(=O)NC=N,8388608,"{558113: 1, 574498: 1, 574529: 1, 689189: 1, 689220: 1, 689251: 1, 705571: 2, 705602: 2, 705633: 2, 705858: 1, 705860: 1, 705890: 1, 1082404: 2, 1082435: 2, 1082466: 2, 1082689: 1, 1082693: 1, 1082721: 2, 1082723: 2, 1083460: 1, 1197094: 1, 1197125: 1, 1197156: 1, 1197377: 1, 1197411: 1, 1197413: 1, 1198146: 1, 1198150: 1, 1590309: 1, 1590340: 1, 1590371: 1, 1590598: 1, 1590626: 1, 1590628: 1, 1591361: 1, 1591365: 1, 1591591: 1, 1721380: 2, 1721411: 2, 1721442: 2, 1721667: 1, 1721669: 1, 1721697: 2, 1721699: 2, 1722434: 2, 1722436: 2, 1722660: 1, 1722662: 1, 1723427: 1, 1723429: 1, 1723684: 1}",<rdkit.DataStructs.cDataStructs.IntSparseIntVect object at 0x122a5c580>
Cc1cc(=O)n2c(n1)CC(=O)N2C,8388608,"{541734: 1, 558115: 1, 558116: 1, 689186: 1, 689188: 1, 689220: 1, 705569: 1, 705570: 1, 705571: 4, 705573: 2, 705601: 2, 705603: 2, 705857: 2, 705859: 1, 705860: 1, 705890: 4, 705891: 1, 705892: 1, 1098785: 1, 1098789: 1, 1098818: 1, 1099075: 1, 1099105: 1, 1099106: 2, 1099108: 1, 1213474: 1, 1213476: 1, 1213506: 1, 1213762: 1, 1213793: 2, 1213795: 2, 1214563: 1, 1229858: 1, 1229860: 1, 1229890: 1, 1230146: 1, 1230177: 2, 1230178: 1, 1230179: 1, 1230945: 1, 1231170: 1, 1721379: 1, 1721380: 2, 1721382: 1, 1721410: 1, 1721412: 1, 1721666: 1, 1721669: 1, 1721697: 2, 1721699: 3, 1721700: 2, 1721701: 1, 1722466: 1, 1722467: 1, 1722692: 2, 1722722: 1, 1722723: 1, 1723685: 1}",<rdkit.DataStructs.cDataStructs.IntSparseIntVect object at 0x122a5c5f0>
C=CC1=C(N)CN(C)C1=O,8388608,"{558114: 1, 672805: 1, 672836: 1, 689188: 1, 689219: 1, 689441: 1, 705570: 1, 705571: 2, 705601: 1, 705602: 2, 705826: 1, 705827: 2, 705857: 1, 705858: 2, 705889: 2, 705890: 1, 1066020: 1, 1066050: 1, 1066276: 1, 1066307: 1, 1066337: 1, 1066338: 1, 1066339: 1, 1098785: 1, 1098817: 1, 1099044: 1, 1099075: 1, 1099105: 1, 1099106: 2, 1099811: 1, 1721379: 1, 1721411: 1, 1721636: 1, 1721667: 1, 1721697: 1, 1721698: 1, 1721699: 1, 1722404: 1, 1722466: 1}",<rdkit.DataStructs.cDataStructs.IntSparseIntVect object at 0x122a5c660>
CC1(C)C2NC3CCCNC3C21,8388608,"{541730: 1, 558117: 4, 558118: 2, 558145: 2, 558146: 1, 574498: 4, 574499: 2, 574500: 2, 574529: 1, 574530: 3, 574531: 5, 574532: 3, 574561: 3, 574562: 3, 590881: 2, 590916: 2, 590917: 1, 590945: 2, 590946: 1, 590947: 1, 1082403: 2, 1082404: 2, 1082433: 1, 1082434: 2, 1082435: 2, 1082436: 1, 1082465: 3, 1082466: 4, 1082467: 1, 1082498: 1, 1082499: 1, 1083459: 1}",<rdkit.DataStructs.cDataStructs.IntSparseIntVect object at 0x122a5c6d0>
NC1C=NNCCC2(CC2)C1,8388608,"{558145: 2, 558146: 5, 558147: 3, 574529: 1, 574531: 3, 574532: 1, 590913: 4, 590914: 1, 590946: 1, 689218: 1, 689219: 1, 689220: 3, 689249: 1, 689283: 1, 1066050: 1, 1066052: 3, 1066053: 1, 1066081: 1, 1066115: 1, 1066306: 1, 1082433: 1, 1082434: 1, 1082436: 3, 1082467: 1, 1082499: 1, 1082690: 1, 1083428: 1, 1213506: 1, 1213507: 2, 1213509: 2, 1213538: 1, 1213572: 1, 1213761: 1, 1214499: 1, 1214529: 1}",<rdkit.DataStructs.cDataStructs.IntSparseIntVect object at 0x122a5c740>
CC1C2N1C=C(C(=N)NN)C21CC1,8388608,"{558116: 2, 558145: 1, 574497: 1, 574498: 1, 574530: 2, 574531: 2, 574561: 1, 590883: 1, 590913: 2, 590945: 1, 590946: 1, 689187: 1, 689219: 2, 689250: 2, 689282: 1, 705572: 1, 705573: 1, 705602: 2, 705603: 2, 705634: 1, 705635: 2, 705636: 1, 705665: 1, 705666: 1, 705857: 1, 705858: 1, 705889: 1, 1066023: 1, 1066053: 2, 1066085: 1, 1066086: 1, 1066116: 1, 1066308: 1, 1066338: 1, 1066339: 1, 1082406: 1, 1082436: 2, 1082468: 1, 1082469: 1, 1082499: 1, 1082691: 1, 1082721: 1, 1082722: 1, 1083425: 1, 1098786: 1, 1098819: 2, 1098849: 2, 1098882: 1, 1099073: 1, 1099106: 1, 1099107: 1, 1099813: 1, 1099844: 1, 1197094: 1, 1197124: 2, 1197156: 1, 1197157: 1, 1197187: 1, 1197379: 1, 1197409: 1, 1197410: 1, 1198115: 1, 1198146: 1, 1198180: 1}",<rdkit.DataStructs.cDataStructs.IntSparseIntVect object at 0x122a5c7b0>
CN1CC2(C)C=CCC2C1=NN,8388608,"{541732: 1, 558114: 2, 558115: 1, 558116: 1, 558147: 1, 574498: 1, 574499: 1, 574529: 1, 574530: 1, 590881: 1, 590883: 1, 590913: 1, 590914: 1, 590945: 1, 689186: 1, 689187: 1, 689188: 1, 689189: 1, 689217: 1, 689218: 2, 689219: 1, 689250: 2, 689281: 1, 689282: 1, 689473: 1, 705570: 1, 705571: 1, 705602: 2, 705633: 1, 705666: 1, 705859: 2, 1066020: 1, 1066021: 1, 1066052: 2, 1066083: 1, 1066116: 1, 1066309: 2, 1066338: 1, 1098785: 1, 1098787: 1, 1098817: 1, 1098819: 1, 1098850: 1, 1098882: 1, 1099075: 1, 1099076: 1, 1099105: 1, 1099811: 1, 1213475: 1, 1213476: 1, 1213507: 2, 1213538: 1, 1213571: 1, 1213764: 2, 1213793: 1, 1214497: 1, 1214562: 1}",<rdkit.DataStructs.cDataStructs.IntSparseIntVect object at 0x122a5c820>
CNC(=S)N1C2CC3CC(N3)C21,8388608,"{558117: 1, 558118: 1, 558146: 1, 574500: 2, 574501: 1, 574502: 1, 574529: 4, 574530: 2, 574531: 2, 574561: 2, 574562: 3, 574563: 1, 705570: 1, 705603: 1, 705604: 1, 705634: 2, 705635: 1, 705636: 1, 1082401: 1, 1082406: 1, 1082434: 2, 1082436: 1, 1082437: 1, 1082465: 2, 1082466: 1, 1082467: 3, 1082468: 1, 1082469: 1, 1082721: 1, 1082724: 1, 1083461: 1, 1098787: 1, 1098818: 1, 1098819: 1, 1098849: 2, 1098850: 1, 1098851: 1, 1099105: 1, 1099842: 1, 1099843: 1, 3818531: 1, 3818564: 1, 3818565: 1, 3818595: 2, 3818596: 1, 3818597: 1, 3818849: 1, 3819586: 1, 3819589: 1, 3819618: 1}",<rdkit.DataStructs.cDataStructs.IntSparseIntVect object at 0x122a5c890>
C=CC1(O)CC12C(C)C(=O)NN2C,8388608,"{541732: 1, 558115: 2, 574497: 1, 574499: 1, 574530: 1, 590882: 2, 590883: 2, 590913: 2, 590945: 1, 590946: 1, 590977: 1, 672805: 2, 672835: 1, 672868: 1, 672898: 1, 672899: 1, 689188: 2, 689218: 1, 689251: 1, 689281: 1, 689282: 1, 689441: 1, 705570: 1, 705571: 1, 705603: 1, 705633: 1, 705666: 1, 705667: 1, 705829: 1, 705860: 1, 1082402: 1, 1082403: 1, 1082435: 1, 1082466: 1, 1082498: 1, 1082499: 1, 1082661: 1, 1082692: 1, 1082721: 1, 1098785: 1, 1098787: 1, 1098818: 1, 1098850: 1, 1098881: 1, 1098882: 1, 1099044: 1, 1099075: 1, 1099106: 1, 1099841: 1, 1590308: 2, 1590338: 1, 1590371: 1, 1590401: 1, 1590402: 1, 1590563: 1, 1590594: 1, 1590628: 1, 1591364: 1, 1591395: 1, 1721379: 1, 1721380: 1, 1721412: 1, 1721442: 1, 1721475: 1, 1721476: 1, 1721638: 1, 1721669: 1, 1721697: 1, 1722434: 1, 1722467: 1, 1723429: 1}",<rdkit.DataStructs.cDataStructs.IntSparseIntVect object at 0x122a5c900>
CC12C(O)C3C4CN5CC(C5C41)N32,8388608,"{558116: 2, 558146: 1, 574498: 2, 574499: 4, 574529: 2, 574530: 4, 574531: 5, 574532: 1, 574561: 5, 574562: 6, 574563: 4, 590881: 1, 590915: 2, 590945: 2, 590946: 4, 1098786: 1, 1098788: 1, 1098817: 2, 1098818: 1, 1098819: 1, 1098849: 3, 1098850: 7, 1098851: 1, 1098852: 1, 1098881: 1, 1098883: 1, 1099875: 1, 1590307: 1, 1590340: 1, 1590341: 1, 1590369: 1, 1590370: 1, 1590371: 2, 1590372: 2, 1590402: 1, 1591395: 1, 1591397: 1}",<rdkit.DataStructs.cDataStructs.IntSparseIntVect object at 0x122a5c970>
CCCC1=CSC2=NOC(=N)NN12,8388608,"{558113: 1, 558114: 1, 558145: 1, 689188: 1, 689218: 1, 689219: 1, 705571: 1, 705573: 1, 705574: 1, 705601: 1, 705602: 1, 705603: 1, 705604: 2, 705605: 1, 705857: 1, 705858: 1, 705860: 1, 705890: 1, 705891: 2, 1082405: 1, 1082435: 1, 1082436: 1, 1082691: 1, 1082721: 1, 1082722: 2, 1098788: 1, 1098818: 1, 1098819: 1, 1099074: 1, 1099105: 2, 1099106: 1, 1099841: 1, 1197095: 1, 1197125: 1, 1197126: 1, 1197381: 1, 1197409: 1, 1197412: 2, 1198146: 1, 1198179: 1, 1213478: 1, 1213508: 1, 1213509: 1, 1213763: 1, 1213793: 1, 1213794: 1, 1213795: 1, 1214531: 1, 1214562: 1, 1214755: 1, 1606695: 1, 1606725: 1, 1606726: 1, 1606980: 1, 1607009: 1, 1607010: 1, 1607012: 1, 1607746: 1, 1607779: 1, 1607970: 1, 1608001: 1, 3703845: 1, 3703875: 1, 3703876: 1, 3704129: 1, 3704161: 1, 3704162: 1, 3704164: 1, 3704899: 1, 3704930: 1, 3705125: 1, 3705154: 1, 3705923: 1}",<rdkit.DataStructs.cDataStructs.IntSparseIntVect object at 0x122a5c9e0>
CCc1nc(C)oc(=O)c1CC#N,8388608,"{541733: 1, 558113: 1, 558116: 2, 558117: 1, 558147: 1, 705569: 1, 705570: 1, 705571: 3, 705572: 3, 705601: 2, 705602: 3, 705603: 2, 705604: 1, 705889: 2, 705890: 3, 705891: 1, 820261: 1, 820262: 1, 820289: 1, 820292: 1, 820578: 1, 820579: 2, 820581: 1, 1213474: 1, 1213475: 1, 1213506: 1, 1213507: 1, 1213793: 2, 1213794: 1, 1213795: 1, 1214020: 1, 1328166: 1, 1328167: 1, 1328194: 1, 1328197: 1, 1328483: 1, 1328484: 2, 1328486: 1, 1328705: 1, 1329477: 1, 1721380: 1, 1721381: 1, 1721411: 1, 1721412: 1, 1721697: 1, 1721698: 1, 1721699: 2, 1721924: 1, 1722692: 1, 1722917: 1, 1737762: 1, 1737765: 1, 1737795: 1, 1737796: 1, 1738081: 2, 1738082: 1, 1738083: 1, 1738308: 1, 1739074: 1, 1739301: 1, 1740066: 1}",<rdkit.DataStructs.cDataStructs.IntSparseIntVect object at 0x122a5ca50>
CC1CC2C3=C(CNC3)C3NC3C12,8388608,"{558114: 1, 558117: 1, 558118: 1, 558146: 1, 558147: 1, 558148: 1, 574497: 1, 574498: 1, 574499: 2, 574500: 1, 574529: 2, 574530: 3, 574531: 5, 574532: 4, 574533: 1, 574561: 4, 574562: 4, 574563: 2, 705572: 1, 705573: 1, 705601: 2, 705602: 3, 705603: 1, 705633: 2, 705634: 4, 705635: 3, 705636: 1, 705889: 1, 1082404: 1, 1082406: 1, 1082433: 2, 1082435: 1, 1082436: 3, 1082465: 2, 1082466: 1, 1082467: 4, 1082468: 2, 1082469: 1, 1082722: 3, 1082723: 1, 1083460: 1}",<rdkit.DataStructs.cDataStructs.IntSparseIntVect object at 0x122a5cac0>
C=C(C)C1NC1CC(=O)C(C)NC,8388608,"{541731: 1, 541735: 1, 541736: 1, 558115: 1, 558116: 2, 574497: 1, 574498: 2, 574499: 1, 574500: 1, 574501: 2, 574502: 2, 574529: 1, 574530: 2, 574561: 1, 574563: 1, 574564: 1, 672802: 1, 672807: 1, 672808: 1, 672836: 1, 672866: 1, 672867: 1, 672870: 1, 705569: 1, 705570: 1, 705571: 1, 705573: 1, 705574: 1, 705575: 1, 705601: 1, 705603: 1, 705633: 2, 705634: 2, 705635: 1, 705637: 1, 705825: 1, 705829: 1, 705892: 1, 1082401: 1, 1082402: 1, 1082403: 1, 1082405: 1, 1082406: 1, 1082407: 1, 1082434: 1, 1082435: 1, 1082465: 3, 1082468: 2, 1082469: 1, 1082659: 1, 1082663: 1, 1082722: 2, 1082723: 1, 1082726: 1, 1083461: 1, 1721379: 1, 1721380: 1, 1721382: 1, 1721410: 1, 1721442: 1, 1721443: 1, 1721444: 1, 1721638: 1, 1721697: 1, 1721701: 1, 1722435: 1, 1722436: 1}",<rdkit.DataStructs.cDataStructs.IntSparseIntVect object at 0x122a5cb30>
C=CC(OCC)=C(C)OCC1CN1,8388608,"{541733: 1, 558113: 1, 558115: 1, 558116: 1, 558117: 1, 558118: 1, 558120: 1, 558146: 1, 558149: 1, 558151: 1, 574500: 1, 574503: 1, 574529: 2, 574534: 1, 672804: 1, 672805: 1, 672836: 1, 672837: 1, 672839: 1, 672870: 1, 689187: 1, 689188: 1, 689219: 1, 689220: 1, 689222: 1, 689253: 1, 689441: 1, 705569: 1, 705570: 1, 705571: 1, 705572: 1, 705602: 2, 705603: 2, 705604: 1, 705605: 1, 705635: 1, 705636: 1, 705826: 1, 705827: 1, 705857: 1, 705858: 1, 705889: 1, 1082405: 1, 1082408: 1, 1082433: 1, 1082434: 1, 1082439: 1, 1082465: 1, 1082663: 1, 1082694: 1, 1082724: 1, 1082725: 1, 1606690: 2, 1606691: 1, 1606693: 1, 1606721: 2, 1606723: 1, 1606724: 2, 1606726: 1, 1606754: 1, 1606757: 1, 1606947: 1, 1606948: 1, 1606978: 1, 1606979: 1, 1607009: 2, 1607010: 2, 1607747: 1, 1607750: 1, 1608771: 1}",<rdkit.DataStructs.cDataStructs.IntSparseIntVect object at 0x122a5cba0>
O=C1C2CC3=C4OC(O3)C1C42,8388608,"{574529: 1, 574530: 1, 574531: 2, 574561: 3, 574562: 2, 574563: 1, 705601: 1, 705602: 2, 705633: 3, 705634: 8, 705635: 1, 705889: 1, 705891: 2, 1606722: 1, 1606723: 1, 1606753: 2, 1606754: 3, 1606755: 3, 1607009: 2, 1607010: 2, 1607011: 2, 1608770: 1, 1721411: 1, 1721442: 2, 1721443: 2, 1721697: 1, 1721700: 2, 1723460: 2}",<rdkit.DataStructs.cDataStructs.IntSparseIntVect object at 0x122a5cc10>
CNC1COC2=COC3CC3C2C1,8388608,"{558115: 2, 558118: 1, 558146: 1, 558147: 1, 558149: 1, 574498: 1, 574500: 1, 574501: 1, 574502: 1, 574529: 5, 574530: 2, 574531: 2, 574532: 2, 574533: 1, 574561: 2, 574562: 2, 574563: 1, 574564: 1, 689190: 1, 689219: 3, 689250: 2, 689251: 1, 689252: 1, 705573: 1, 705602: 2, 705603: 1, 705633: 1, 705634: 1, 705635: 2, 705857: 1, 1082401: 1, 1082434: 2, 1082437: 1, 1082465: 1, 1082467: 1, 1082468: 1, 1082469: 1, 1082693: 1, 1082724: 1, 1606692: 1, 1606695: 1, 1606721: 1, 1606722: 1, 1606723: 1, 1606724: 3, 1606753: 1, 1606754: 3, 1606755: 2, 1606756: 1, 1606757: 1, 1606977: 1, 1606978: 1, 1607009: 1, 1607010: 1, 1607747: 1, 1607750: 1, 1608771: 1}",<rdkit.DataStructs.cDataStructs.IntSparseIntVect object at 0x122a5cc80>
CC1(N)C(N)C12CC1CC3CC1N32,8388608,"{558115: 1, 558117: 2, 558146: 2, 558147: 1, 574498: 1, 574500: 3, 574529: 5, 574530: 4, 574531: 1, 574532: 2, 574561: 1, 574562: 2, 574563: 3, 590881: 1, 590882: 1, 590913: 1, 590914: 1, 590915: 2, 590916: 2, 590945: 2, 590946: 3, 590947: 3, 590977: 1, 1066018: 1, 1066019: 1, 1066051: 2, 1066053: 4, 1066081: 1, 1066082: 1, 1066084: 6, 1066113: 1, 1066114: 3, 1067043: 1, 1098787: 1, 1098818: 3, 1098849: 2, 1098850: 2, 1098881: 1, 1098882: 1, 1099811: 2}",<rdkit.DataStructs.cDataStructs.IntSparseIntVect object at 0x122a5ccf0>
CC12CN1CC1(C2)C(=O)N=CN1N,8388608,"{558114: 2, 558115: 1, 558146: 3, 590881: 1, 590883: 1, 590913: 4, 590914: 1, 590915: 1, 590978: 1, 689189: 1, 689219: 2, 689221: 1, 689282: 1, 689284: 1, 705572: 1, 705602: 2, 705604: 1, 705665: 1, 705667: 1, 705858: 1, 1066021: 1, 1066051: 2, 1066053: 1, 1066114: 1, 1066116: 1, 1066306: 1, 1066339: 1, 1098786: 1, 1098788: 1, 1098817: 2, 1098818: 3, 1098820: 1, 1098881: 2, 1098882: 1, 1098883: 1, 1099073: 1, 1099076: 1, 1099106: 1, 1099107: 1, 1099809: 1, 1099812: 1, 1099875: 1, 1213477: 1, 1213507: 2, 1213509: 1, 1213570: 1, 1213572: 1, 1213761: 1, 1213793: 1, 1214499: 1, 1214562: 1, 1214564: 1, 1721381: 1, 1721411: 2, 1721413: 1, 1721474: 1, 1721476: 1, 1721667: 1, 1721697: 1, 1722404: 1, 1722467: 1, 1722468: 1, 1722690: 1}",<rdkit.DataStructs.cDataStructs.IntSparseIntVect object at 0x122a5cd60>
CC1C2C(O)C1C1(NC=N)CC21,8388608,"{558116: 1, 574497: 1, 574498: 2, 574499: 2, 574529: 1, 574530: 2, 574531: 2, 574561: 5, 574562: 5, 590883: 1, 590913: 1, 590945: 2, 590946: 3, 689189: 1, 689219: 1, 689251: 2, 689252: 3, 689282: 1, 1082404: 1, 1082434: 1, 1082466: 2, 1082467: 3, 1082497: 1, 1082689: 1, 1197094: 1, 1197124: 1, 1197156: 2, 1197157: 3, 1197187: 1, 1197377: 1, 1198146: 1, 1590308: 1, 1590340: 1, 1590369: 1, 1590370: 2, 1590371: 2, 1590403: 1, 1590597: 1, 1591364: 1, 1591590: 1}",<rdkit.DataStructs.cDataStructs.IntSparseIntVect object at 0x122a5cdd0>
CC1(N)CC2(C)COC1CC2CO,8388608,"{541732: 1, 558114: 3, 558115: 3, 558116: 1, 558117: 1, 558146: 2, 558147: 4, 574498: 2, 574500: 2, 574529: 3, 574530: 4, 574531: 1, 574562: 1, 590881: 2, 590883: 2, 590913: 3, 590914: 3, 590915: 1, 590916: 1, 590945: 2, 590947: 2, 590978: 1, 1066018: 1, 1066020: 1, 1066050: 1, 1066051: 1, 1066052: 1, 1066053: 1, 1066082: 1, 1066084: 1, 1066113: 1, 1066115: 1, 1590308: 1, 1590310: 1, 1590337: 1, 1590339: 1, 1590340: 2, 1590370: 1, 1590372: 1, 1590403: 1, 1590405: 1, 1591334: 1, 1606691: 2, 1606721: 1, 1606722: 1, 1606723: 1, 1606724: 1, 1606753: 1, 1606755: 1, 1606786: 2, 1607715: 1, 1608741: 1}",<rdkit.DataStructs.cDataStructs.IntSparseIntVect object at 0x122a5ce40>
C#CC(N)c1nsc(CO)c1OC,8388608,"{558116: 1, 574500: 1, 574532: 1, 705570: 1, 705571: 2, 705601: 1, 705602: 1, 705603: 1, 705633: 1, 705634: 1, 705635: 1, 705889: 2, 705890: 1, 803878: 1, 803910: 1, 803938: 1, 804195: 1, 804196: 1, 804197: 1, 820261: 1, 820293: 1, 820321: 1, 820578: 1, 820579: 1, 820580: 1, 820769: 1, 1066021: 1, 1066053: 1, 1066081: 1, 1066338: 1, 1066339: 1, 1066340: 1, 1066531: 1, 1066562: 1, 1213476: 1, 1213507: 1, 1213538: 1, 1213793: 1, 1213794: 2, 1213988: 1, 1214019: 1, 1214499: 1, 1590309: 1, 1590337: 1, 1590373: 1, 1590626: 1, 1590627: 1, 1590628: 1, 1590823: 1, 1590854: 1, 1591334: 1, 1591620: 1, 1606689: 1, 1606723: 1, 1606755: 1, 1607009: 1, 1607010: 2, 1607205: 1, 1607236: 1, 1607716: 1, 1608003: 1, 1608740: 1, 3834916: 1, 3834946: 1, 3834979: 1, 3835233: 1, 3835234: 2, 3835429: 1, 3835460: 1, 3835940: 1, 3836225: 1, 3836963: 1, 3836995: 1}",<rdkit.DataStructs.cDataStructs.IntSparseIntVect object at 0x122a5ceb0>
CC=CC(C#N)C(O)(C=O)C=CC,8388608,"{541735: 1, 574499: 1, 574500: 1, 590883: 1, 590884: 1, 590945: 1, 689185: 2, 689186: 2, 689188: 1, 689189: 3, 689190: 2, 689249: 1, 689250: 3, 689251: 1, 689281: 2, 689282: 2, 689283: 1, 689473: 2, 689474: 1, 689475: 3, 689476: 3, 689477: 1, 820260: 1, 820261: 1, 820321: 1, 820354: 1, 820546: 1, 820547: 3, 820548: 1, 1328165: 1, 1328166: 1, 1328226: 1, 1328259: 1, 1328451: 1, 1328452: 3, 1328453: 1, 1328705: 1, 1590308: 1, 1590309: 1, 1590370: 1, 1590401: 1, 1590594: 2, 1590595: 2, 1590596: 1, 1590851: 1, 1591844: 1, 1721381: 1, 1721382: 1, 1721443: 1, 1721474: 1, 1721665: 1, 1721667: 1, 1721668: 2, 1721669: 1, 1721924: 1, 1722917: 1, 1723427: 1}",<rdkit.DataStructs.cDataStructs.IntSparseIntVect object at 0x122a5cf20>
CC(=CC#CC=NO)C(=O)C1CN1,8388608,"{558116: 1, 574499: 1, 574529: 1, 689186: 1, 689189: 1, 689220: 1, 689223: 1, 689251: 1, 689254: 1, 689475: 1, 705569: 1, 705570: 1, 705602: 1, 705603: 1, 705633: 1, 705634: 1, 705857: 1, 705858: 1, 705860: 1, 705861: 1, 705889: 1, 820259: 1, 820260: 1, 820293: 1, 820294: 1, 820324: 1, 820325: 1, 820545: 2, 820546: 2, 820578: 1, 820579: 2, 820580: 1, 820801: 1, 1082404: 1, 1082433: 1, 1082465: 1, 1082692: 1, 1082695: 1, 1082722: 1, 1082723: 1, 1082949: 1, 1082950: 1, 1213478: 1, 1213512: 1, 1213543: 1, 1213761: 1, 1213764: 1, 1213797: 1, 1213798: 1, 1214018: 1, 1214019: 1, 1214536: 1, 1590311: 1, 1590345: 1, 1590376: 1, 1590594: 1, 1590597: 1, 1590630: 1, 1590631: 1, 1590851: 1, 1590852: 1, 1591369: 1, 1591617: 1, 1721379: 1, 1721411: 1, 1721442: 1, 1721667: 1, 1721670: 1, 1721697: 1, 1721698: 1, 1721924: 1, 1721925: 1, 1722435: 1, 1722695: 1, 1723432: 1}",<rdkit.DataStructs.cDataStructs.IntSparseIntVect object at 0x122a5cf90>
CC1=C(C2CN2C)C=NC1=O,8388608,"{541733: 1, 558114: 1, 558116: 1, 574498: 1, 574499: 1, 574529: 1, 689187: 1, 689188: 1, 689219: 1, 689250: 1, 705569: 1, 705570: 2, 705571: 1, 705572: 1, 705573: 1, 705602: 1, 705603: 1, 705604: 1, 705633: 1, 705634: 1, 705635: 1, 705857: 1, 705858: 2, 705889: 2, 705890: 1, 1098785: 1, 1098788: 1, 1098817: 1, 1098849: 1, 1099075: 1, 1099106: 1, 1099107: 1, 1099108: 1, 1213475: 1, 1213477: 1, 1213508: 1, 1213539: 1, 1213761: 1, 1213793: 1, 1213794: 2, 1214564: 1, 1721379: 1, 1721382: 1, 1721413: 1, 1721444: 1, 1721667: 1, 1721697: 1, 1721698: 1, 1721699: 1, 1722469: 1, 1722690: 1}",<rdkit.DataStructs.cDataStructs.IntSparseIntVect object at 0x122a5d000>
CCC1CC2C1C(=O)N=C(C)N2O,8388608,"{541735: 1, 558113: 1, 558115: 1, 558116: 1, 558118: 1, 558146: 1, 574498: 1, 574499: 2, 574500: 2, 574501: 1, 574529: 3, 574530: 2, 574531: 1, 574561: 2, 574562: 1, 705569: 1, 705571: 1, 705572: 1, 705574: 1, 705603: 3, 705605: 1, 705633: 1, 705634: 3, 705635: 1, 705636: 1, 705890: 1, 1098786: 1, 1098789: 1, 1098818: 1, 1098820: 1, 1098849: 1, 1098850: 1, 1098851: 1, 1099105: 1, 1099107: 1, 1213474: 1, 1213477: 1, 1213508: 2, 1213538: 1, 1213539: 2, 1213793: 2, 1214562: 1, 1590307: 1, 1590310: 1, 1590339: 1, 1590341: 1, 1590370: 1, 1590371: 1, 1590372: 1, 1590626: 1, 1590628: 1, 1591393: 1, 1591619: 1, 1721380: 1, 1721381: 1, 1721412: 2, 1721442: 1, 1721443: 2, 1721697: 1, 1721699: 1, 1722468: 1, 1722690: 1, 1723429: 1}",<rdkit.DataStructs.cDataStructs.IntSparseIntVect object at 0x122a5d070>
C=C(C(C)CN)C1CC1C(O)CO,8388608,"{558114: 1, 558116: 1, 558118: 1, 558147: 1, 558148: 1, 558150: 1, 574497: 1, 574499: 1, 574500: 1, 574501: 1, 574529: 4, 574530: 2, 574531: 3, 574532: 1, 574533: 2, 574561: 2, 574562: 2, 574563: 1, 574564: 1, 672803: 1, 672835: 2, 672837: 1, 672866: 2, 672867: 1, 672868: 1, 705570: 1, 705602: 2, 705604: 1, 705633: 2, 705634: 1, 705635: 1, 705825: 1, 1066019: 1, 1066049: 1, 1066053: 1, 1066055: 1, 1066082: 1, 1066084: 1, 1066085: 1, 1066086: 1, 1066276: 1, 1066339: 1, 1590310: 1, 1590311: 1, 1590337: 1, 1590338: 1, 1590339: 1, 1590340: 1, 1590342: 1, 1590343: 1, 1590369: 1, 1590370: 2, 1590371: 2, 1590372: 1, 1590373: 1, 1590374: 1, 1590565: 1, 1590566: 1, 1590628: 1, 1590629: 1, 1591335: 1, 1591336: 1, 1592355: 1}",<rdkit.DataStructs.cDataStructs.IntSparseIntVect object at 0x122a5d0e0>
CC1(ON=CCCN)CC1C1CN1,8388608,"{558114: 1, 558116: 1, 558117: 1, 558118: 1, 558145: 1, 558147: 1, 558149: 1, 558150: 1, 558151: 1, 558152: 1, 574498: 1, 574499: 1, 574529: 2, 574530: 2, 574533: 1, 574534: 2, 574535: 1, 574561: 1, 590881: 1, 590913: 1, 590915: 1, 590916: 1, 590917: 1, 590945: 1, 590946: 1, 689188: 1, 689217: 1, 689218: 1, 689220: 1, 689222: 1, 689252: 1, 689253: 1, 689283: 1, 1066023: 1, 1066049: 1, 1066050: 1, 1066055: 1, 1066057: 1, 1066087: 1, 1066088: 1, 1066118: 1, 1066307: 1, 1082404: 1, 1082433: 1, 1082435: 1, 1082439: 1, 1082440: 1, 1082465: 1, 1082466: 1, 1082499: 1, 1082694: 1, 1083433: 1, 1213475: 1, 1213506: 1, 1213507: 2, 1213509: 1, 1213539: 1, 1213540: 1, 1213570: 1, 1213761: 1, 1214500: 1, 1214533: 1, 1606690: 1, 1606722: 1, 1606723: 1, 1606724: 2, 1606754: 1, 1606755: 1, 1606785: 1, 1606978: 1, 1607717: 1, 1607748: 1, 1608001: 1}",<rdkit.DataStructs.cDataStructs.IntSparseIntVect object at 0x122a5d150>
CC1=CC23CN4CC2C4C(CC1)N3,8388608,"{558114: 1, 558115: 1, 558116: 1, 558117: 1, 558145: 1, 558146: 1, 558148: 3, 558149: 1, 574500: 2, 574501: 1, 574529: 2, 574530: 5, 574531: 4, 574532: 1, 574561: 2, 574562: 1, 590883: 1, 590913: 1, 590914: 1, 590915: 2, 590945: 1, 590946: 2, 689186: 1, 689218: 2, 689219: 2, 689250: 1, 689251: 2, 689281: 1, 705569: 1, 705601: 1, 705602: 1, 705603: 1, 705604: 1, 705635: 2, 705636: 1, 705666: 1, 705857: 1, 1082404: 1, 1082434: 2, 1082435: 2, 1082465: 1, 1082466: 2, 1082497: 1, 1082690: 1, 1082723: 1, 1098789: 1, 1098817: 2, 1098819: 1, 1098820: 1, 1098849: 1, 1098850: 2, 1098882: 1, 1099075: 1, 1099108: 1, 1099843: 1}",<rdkit.DataStructs.cDataStructs.IntSparseIntVect object at 0x122a5d1c0>
CC1NC(=O)CC2(CN2C=O)C1N,8388608,"{558116: 2, 558146: 1, 574497: 1, 574498: 1, 574530: 2, 574531: 2, 574561: 1, 590883: 1, 590913: 2, 590945: 1, 590946: 1, 689189: 1, 689218: 1, 689219: 1, 689251: 1, 689252: 1, 689282: 1, 705571: 1, 705601: 1, 705603: 1, 705634: 1, 705635: 1, 705666: 1, 705860: 1, 1066019: 1, 1066051: 2, 1066081: 1, 1066082: 1, 1066114: 1, 1066308: 1, 1066340: 1, 1082402: 1, 1082434: 1, 1082436: 1, 1082465: 1, 1082466: 1, 1082499: 1, 1082693: 1, 1082721: 1, 1083427: 1, 1098788: 1, 1098817: 1, 1098818: 1, 1098850: 1, 1098851: 1, 1098881: 1, 1099073: 1, 1099107: 1, 1099811: 1, 1099844: 1, 1721380: 1, 1721382: 1, 1721410: 1, 1721411: 1, 1721412: 2, 1721443: 1, 1721444: 2, 1721445: 1, 1721475: 2, 1721665: 1, 1721669: 1, 1721697: 1, 1721701: 1, 1722405: 2, 1722434: 1, 1722438: 1, 1722466: 1, 1722468: 1, 1723686: 1}",<rdkit.DataStructs.cDataStructs.IntSparseIntVect object at 0x122a5d230>
CC(=O)C1(O)C2CN(C)C3C(O2)C31,8388608,"{541734: 1, 558114: 1, 558116: 1, 574498: 1, 574499: 5, 574500: 2, 574529: 1, 574530: 1, 574531: 2, 574561: 3, 574562: 2, 574563: 1, 590882: 1, 590884: 1, 590914: 1, 590945: 2, 590946: 2, 705569: 1, 705573: 1, 705603: 1, 705634: 2, 705635: 2, 705665: 1, 1098785: 1, 1098789: 1, 1098817: 1, 1098849: 1, 1098850: 3, 1098883: 1, 1099108: 1, 1590307: 1, 1590309: 1, 1590339: 1, 1590370: 2, 1590371: 2, 1590401: 1, 1590626: 1, 1591396: 1, 1606692: 2, 1606722: 1, 1606753: 2, 1606754: 2, 1606786: 1, 1607011: 1, 1607779: 1, 1608739: 1, 1721378: 1, 1721382: 1, 1721412: 1, 1721443: 2, 1721444: 2, 1721474: 1, 1721697: 1, 1722469: 1, 1723427: 1, 1723460: 1}",<rdkit.DataStructs.cDataStructs.IntSparseIntVect object at 0x122a5d2a0>
C=C(CCO)C(C#CC)=CC(=N)N,8388608,"{558117: 1, 558118: 1, 558145: 1, 672805: 1, 672834: 1, 672835: 1, 689188: 1, 689219: 1, 689220: 1, 689443: 1, 705571: 1, 705572: 1, 705573: 1, 705601: 1, 705602: 2, 705603: 1, 705604: 1, 705605: 1, 705825: 1, 705826: 1, 705828: 1, 705857: 2, 705858: 1, 705889: 1, 705890: 1, 705891: 1, 820257: 1, 820258: 1, 820291: 1, 820292: 2, 820293: 1, 820515: 1, 820516: 1, 820546: 1, 820547: 1, 820577: 1, 820578: 2, 820579: 2, 820580: 1, 820801: 1, 1066022: 1, 1066053: 1, 1066054: 1, 1066277: 1, 1066306: 1, 1066337: 1, 1066339: 1, 1066340: 1, 1066564: 1, 1066565: 1, 1197094: 1, 1197125: 1, 1197126: 1, 1197349: 1, 1197378: 1, 1197409: 1, 1197411: 1, 1197412: 1, 1197636: 1, 1197637: 1, 1198114: 1, 1590311: 1, 1590337: 1, 1590338: 1, 1590564: 1, 1590597: 1, 1590627: 1, 1590628: 1, 1590630: 1, 1590853: 1, 1590854: 1, 1591335: 1, 1591591: 1}",<rdkit.DataStructs.cDataStructs.IntSparseIntVect object at 0x122a5d310>
CC(C)=CC1CN=CNC1CN,8388608,"{541730: 1, 558116: 2, 558117: 2, 558147: 1, 574499: 2, 574500: 2, 574529: 2, 574530: 2, 574561: 1, 689186: 2, 689190: 2, 689218: 2, 689219: 2, 689249: 1, 689250: 2, 689251: 1, 689476: 1, 705569: 2, 705603: 1, 705604: 1, 705634: 1, 705635: 1, 705857: 1, 705861: 1, 1066022: 2, 1066049: 1, 1066052: 1, 1066082: 1, 1066083: 1, 1066308: 2, 1066341: 1, 1082405: 2, 1082434: 1, 1082435: 1, 1082465: 1, 1082466: 1, 1082689: 1, 1082691: 1, 1082724: 1, 1083427: 1, 1213477: 2, 1213505: 1, 1213508: 1, 1213538: 1, 1213539: 1, 1213761: 1, 1213763: 1, 1213796: 1, 1214501: 1, 1214530: 1}",<rdkit.DataStructs.cDataStructs.IntSparseIntVect object at 0x122a5d380>
CNCC1=CC(C)=NOC(=N)N1,8388608,"{541734: 1, 558114: 1, 558116: 1, 689186: 1, 689188: 1, 689218: 1, 705569: 1, 705571: 2, 705572: 1, 705573: 2, 705601: 1, 705603: 2, 705857: 2, 705859: 1, 705890: 2, 705891: 1, 1082401: 1, 1082404: 2, 1082405: 1, 1082433: 1, 1082434: 1, 1082690: 1, 1082691: 1, 1082721: 2, 1082722: 1, 1082723: 1, 1082724: 2, 1083459: 1, 1197093: 1, 1197094: 1, 1197124: 1, 1197380: 1, 1197409: 1, 1197411: 1, 1197412: 1, 1198146: 1, 1198149: 1, 1213474: 1, 1213478: 1, 1213508: 1, 1213762: 1, 1213793: 1, 1213794: 1, 1213795: 1, 1214531: 1, 1214533: 1, 1214755: 1, 1606691: 1, 1606694: 1, 1606724: 1, 1606979: 1, 1607009: 1, 1607010: 1, 1607011: 1, 1607746: 1, 1607749: 1, 1607970: 1, 1608001: 1}",<rdkit.DataStructs.cDataStructs.IntSparseIntVect object at 0x122a5d3f0>
Cc1ccc(=O)cc2cccnc12,8388608,"{689186: 1, 689187: 1, 689188: 3, 689189: 1, 689473: 3, 689474: 3, 689475: 2, 689476: 4, 689477: 3, 705569: 1, 705570: 1, 705571: 1, 705572: 1, 705857: 5, 705858: 7, 705859: 9, 705860: 2, 705861: 1, 705889: 2, 705890: 2, 705891: 2, 1213475: 1, 1213761: 1, 1213762: 1, 1213763: 3, 1213764: 1, 1213793: 1, 1213794: 2, 1213796: 1, 1721381: 1, 1721666: 2, 1721667: 1, 1721668: 1, 1721669: 1, 1721670: 1, 1721697: 1, 1721699: 1, 1721700: 2, 1722693: 1}",<rdkit.DataStructs.cDataStructs.IntSparseIntVect object at 0x122a5d460>
NC1C=CC2N3C4CCC(C43)C12N,8388608,"{558145: 1, 574529: 2, 574530: 4, 574531: 3, 574532: 1, 574561: 2, 574562: 6, 574563: 1, 574564: 1, 590914: 1, 590915: 1, 590945: 3, 590946: 1, 590947: 1, 689220: 3, 689221: 1, 689249: 2, 689250: 2, 689251: 4, 689252: 2, 689282: 2, 689473: 1, 1066051: 1, 1066052: 2, 1066053: 1, 1066081: 1, 1066082: 3, 1066083: 3, 1066084: 2, 1066085: 1, 1066113: 1, 1066114: 1, 1066306: 1, 1066307: 3, 1067043: 1, 1098818: 1, 1098819: 1, 1098849: 3, 1098850: 1, 1098851: 1, 1098882: 1, 1099074: 1, 1099075: 1, 1099811: 1, 1099812: 1}",<rdkit.DataStructs.cDataStructs.IntSparseIntVect object at 0x122a5d4d0>
C#CC1(CN)OC(C)CC1=CC=C,8388608,"{558114: 1, 558116: 1, 558147: 1, 574497: 1, 574529: 1, 574531: 1, 590883: 1, 590913: 1, 590914: 1, 590946: 1, 672806: 1, 672836: 1, 672837: 1, 672869: 1, 672900: 1, 689188: 1, 689189: 1, 689218: 1, 689219: 2, 689220: 1, 689251: 1, 689252: 1, 689282: 1, 689283: 1, 689441: 1, 689442: 1, 689473: 1, 705571: 1, 705601: 1, 705602: 1, 705634: 1, 705665: 1, 705827: 1, 705857: 1, 705858: 1, 803877: 1, 803907: 1, 803908: 1, 803940: 1, 803970: 1, 804134: 1, 804164: 1, 804165: 1, 804195: 1, 820260: 1, 820290: 1, 820291: 1, 820323: 1, 820353: 1, 820517: 1, 820547: 1, 820548: 1, 820578: 1, 820769: 1, 1066021: 1, 1066049: 1, 1066052: 1, 1066084: 1, 1066114: 1, 1066278: 1, 1066308: 1, 1066309: 1, 1066339: 1, 1066532: 1, 1066563: 1, 1606690: 1, 1606722: 2, 1606753: 1, 1606785: 1, 1606949: 1, 1606979: 1, 1606980: 1, 1607010: 1, 1607203: 1, 1607234: 1, 1607715: 1}",<rdkit.DataStructs.cDataStructs.IntSparseIntVect object at 0x122a5d540>
C=CC1=NCC2CC2(N)C2CN12,8388608,"{558146: 1, 558147: 1, 558148: 1, 574529: 3, 574530: 1, 574531: 2, 574562: 1, 590913: 1, 590914: 2, 590945: 2, 672836: 2, 672838: 1, 672868: 1, 672869: 1, 672901: 1, 689219: 2, 689221: 1, 689251: 1, 689252: 1, 689284: 1, 689441: 1, 705602: 2, 705604: 1, 705634: 1, 705635: 1, 705667: 1, 705826: 1, 705857: 1, 1066050: 1, 1066051: 2, 1066082: 2, 1066113: 1, 1066278: 1, 1066309: 1, 1066340: 1, 1098817: 1, 1098819: 2, 1098849: 1, 1098851: 1, 1098882: 1, 1099043: 1, 1099074: 1, 1099105: 1, 1099811: 1, 1213505: 1, 1213507: 2, 1213538: 1, 1213539: 1, 1213571: 1, 1213731: 1, 1213762: 1, 1213793: 1, 1214500: 1, 1214562: 1}",<rdkit.DataStructs.cDataStructs.IntSparseIntVect object at 0x122a5d5b0>
Cc1nc2[nH]c3nn(O)cc3c2o1,8388608,"{689189: 1, 705569: 1, 705571: 2, 705572: 1, 705573: 1, 705857: 1, 705858: 2, 705859: 1, 705860: 1, 705889: 3, 705890: 5, 705891: 1, 705892: 1, 1213474: 1, 1213476: 1, 1213478: 1, 1213762: 1, 1213763: 1, 1213764: 1, 1213793: 5, 1213794: 4, 1213795: 5, 1213797: 1, 1214786: 2, 1214788: 1, 1229862: 1, 1230145: 1, 1230178: 2, 1230179: 1, 1230180: 1, 1230181: 1, 1231169: 1, 1231171: 1, 1231173: 1, 1590311: 1, 1590594: 1, 1590627: 2, 1590628: 1, 1590629: 1, 1590630: 1, 1591618: 1, 1591620: 1, 1591622: 1, 1591649: 1, 1737762: 1, 1738051: 1, 1738081: 2, 1738082: 2, 1738083: 1, 1739074: 1, 1739075: 1, 1739076: 1, 1739108: 1, 1739813: 1}",<rdkit.DataStructs.cDataStructs.IntSparseIntVect object at 0x122a5d620>
CNC1C(C)N(C=O)CC12CC2O,8388608,"{541732: 1, 558115: 1, 558116: 3, 558146: 1, 574497: 1, 574498: 2, 574499: 1, 574500: 2, 574529: 1, 574530: 4, 574531: 1, 574561: 1, 574562: 1, 574563: 1, 590883: 2, 590913: 2, 590945: 2, 590946: 1, 689187: 1, 689189: 1, 689218: 1, 689220: 1, 689250: 1, 689251: 1, 689252: 1, 689283: 1, 1082401: 1, 1082403: 1, 1082435: 2, 1082465: 1, 1082466: 1, 1082467: 1, 1082498: 1, 1082692: 1, 1098786: 1, 1098788: 1, 1098817: 1, 1098819: 1, 1098849: 1, 1098850: 1, 1098851: 1, 1098882: 1, 1099073: 1, 1099843: 1, 1590309: 2, 1590338: 1, 1590339: 1, 1590369: 1, 1590371: 1, 1590372: 1, 1590402: 1, 1590597: 1, 1591364: 1, 1591396: 1, 1721380: 1, 1721382: 1, 1721411: 1, 1721413: 1, 1721443: 1, 1721444: 1, 1721445: 1, 1721476: 1, 1721665: 1, 1722437: 1, 1722466: 1, 1723430: 1}",<rdkit.DataStructs.cDataStructs.IntSparseIntVect object at 0x122a5d690>
C=C1OC=C(NC=N)C1(C)C(=N)N,8388608,"{590881: 1, 672803: 1, 672898: 1, 689187: 1, 689188: 1, 689282: 1, 689283: 1, 689443: 1, 689445: 1, 689475: 1, 705570: 3, 705665: 3, 705825: 1, 705827: 2, 705857: 1, 705858: 2, 705859: 1, 705860: 2, 705890: 3, 1066019: 1, 1066114: 1, 1066276: 1, 1066308: 1, 1066309: 1, 1066337: 1, 1066339: 2, 1082403: 1, 1082498: 1, 1082660: 1, 1082689: 1, 1082690: 1, 1082721: 1, 1082723: 2, 1083428: 1, 1197091: 1, 1197093: 1, 1197186: 1, 1197188: 1, 1197348: 1, 1197350: 1, 1197377: 1, 1197380: 2, 1197381: 1, 1197409: 1, 1197411: 3, 1197413: 2, 1198114: 1, 1198118: 1, 1198146: 1, 1198148: 1, 1198374: 1, 1606691: 1, 1606786: 1, 1606946: 1, 1606977: 1, 1606980: 1, 1607009: 1, 1607010: 1, 1607011: 1, 1607716: 1, 1607747: 1, 1607972: 1, 1607973: 1}",<rdkit.DataStructs.cDataStructs.IntSparseIntVect object at 0x122a5d700>
C=C(C=O)N(C=O)CC(C)(C)C#N,8388608,"{541730: 1, 558114: 2, 590881: 2, 590913: 1, 672805: 2, 672835: 1, 672900: 1, 689188: 2, 689189: 2, 689218: 1, 689219: 1, 689283: 1, 689284: 1, 689442: 1, 689443: 1, 689475: 1, 705572: 2, 705602: 1, 705667: 1, 705825: 1, 705857: 1, 705858: 1, 820258: 2, 820290: 1, 820353: 1, 820517: 1, 820548: 1, 820549: 1, 820580: 1, 1098787: 2, 1098817: 1, 1098882: 1, 1099042: 1, 1099073: 1, 1099074: 1, 1099105: 1, 1099331: 1, 1328163: 2, 1328195: 1, 1328258: 1, 1328422: 1, 1328453: 1, 1328454: 1, 1328485: 1, 1328705: 1, 1329252: 1, 1721381: 2, 1721382: 2, 1721411: 1, 1721412: 1, 1721476: 1, 1721477: 1, 1721635: 1, 1721636: 1, 1721665: 2, 1721668: 2, 1721698: 1, 1721699: 1, 1721925: 1, 1721926: 1, 1722466: 1, 1722467: 1, 1722918: 1, 1722919: 1, 1723685: 1}",<rdkit.DataStructs.cDataStructs.IntSparseIntVect object at 0x122a5d770>
CCC1(C)C2NCC3(N)CCOC231,8388608,"{541731: 1, 558113: 1, 558114: 1, 558116: 3, 558117: 3, 558145: 1, 558146: 1, 558147: 1, 558148: 3, 574498: 1, 574499: 1, 574530: 2, 574531: 2, 590881: 1, 590882: 2, 590883: 2, 590884: 1, 590913: 3, 590914: 5, 590915: 4, 590945: 2, 590946: 1, 590977: 2, 590978: 1, 1066020: 1, 1066021: 1, 1066050: 2, 1066051: 1, 1066052: 1, 1066083: 1, 1066113: 1, 1066114: 1, 1066115: 1, 1082403: 1, 1082404: 1, 1082433: 1, 1082435: 2, 1082436: 1, 1082465: 1, 1082498: 3, 1083427: 1, 1606691: 1, 1606692: 1, 1606721: 1, 1606722: 1, 1606723: 2, 1606754: 1, 1606785: 1, 1606786: 2, 1607715: 1, 1607747: 1}",<rdkit.DataStructs.cDataStructs.IntSparseIntVect object at 0x122a5d7e0>
